whisperx unavailable: ImportError: AS6 blocks model imports: whisperx
2026-09-09 08:10:06,558 INFO applying index migration 0001 (0001_initial_schema.sql)
2026-09-09 08:10:06,563 INFO applying index migration 0002 (0002_entity_graph.sql)
2026-09-09 08:10:06,565 INFO applying index migration 0003 (0003_taxonomy_corrections.sql)
2026-09-09 08:10:06,567 INFO applying index migration 0004 (0004_memory_indexes.sql)
2026-09-09 08:10:06,569 INFO applying index migration 0005 (0005_pending_yoinks.sql)
2026-09-09 08:10:06,571 INFO applying index migration 0006 (0006_v2_schema.sql)
2026-09-09 08:10:06,574 INFO applying index migration 0007 (0007_p4_workspaces.sql)
2026-09-09 08:10:06,576 INFO applying index migration 0008 (0008_a2_claims.sql)
2026-09-09 08:10:06,578 INFO applying index migration 0009 (0009_p5_scripts.sql)
2026-09-09 08:10:06,580 INFO applying index migration 0010 (0010_podcast_feeds.sql)
2026-09-09 08:10:06,582 INFO applying index migration 0011 (0011_podcast_audio.sql)
2026-09-09 08:10:06,585 INFO applying index migration 0012 (0012_whisper_transcripts.sql)
2026-09-09 08:10:06,588 INFO applying index migration 0013 (0013_monitored_playlists.sql)
2026-09-09 08:10:06,591 INFO applying index migration 0014 (0014_writing_studio.sql)
2026-09-09 08:10:06,593 INFO applying index migration 0015 (0015_universal_site.sql)
2026-09-09 08:10:06,594 INFO applying index migration 0016 (0016_default_style_anchors.sql)
2026-09-09 08:10:06,596 INFO applying index migration 0017 (0017_pending_long_video_mode.sql)
2026-09-09 08:10:06,599 INFO applying index migration 0018 (0018_writing_drafts.sql)
2026-09-09 08:10:06,600 INFO applying index migration 0019 (0019_auto_uoink.sql)
2026-09-09 08:10:06,602 INFO applying index migration 0020 (0020_platform_author.sql)
2026-09-09 08:10:06,605 INFO applying index migration 0021 (0021_suite_engagement.sql)
2026-09-09 08:10:06,608 INFO applying index migration 0022 (0022_podcast_corpus.sql)
2026-09-09 08:10:06,611 INFO applying index migration 0023 (0023_podcast_watch.sql)
2026-09-09 08:10:06,613 INFO applying index migration 0024 (0024_clips.sql)
2026-09-09 08:10:06,615 INFO applying index migration 0025 (0025_source_type_backfill.sql)
2026-09-09 08:10:06,617 INFO applying index migration 0026 (0026_provenance_precedence.sql)
2026-09-09 08:10:06,619 INFO applying index migration 0027 (0027_library_substrate.sql)
2026-09-09 08:10:06,622 INFO applying index migration 0028 (0028_source_subscriptions.sql)
2026-09-09 08:10:06,624 INFO applying index migration 0030 (0030_media_depth.sql)
2026-09-09 08:10:06,648 ERROR mirror ledger update failed for capture
Traceback (most recent call last):
  File "E:\AI\projects\uoink\checkouts\Yoink-library\library_mirror.py", line 1595, in launch
    proc = subprocess.Popen(
        [sys.executable, "-B", worker],
        **kwargs,
    )
  File "C:\Python314\Lib\subprocess.py", line 1039, in __init__
    self._execute_child(args, executable, preexec_fn, close_fds,
    ~~~~~~~~~~~~~~~~~~~^^^^^^^^^^^^^^^^^^^^^^^^^^^^^^^^^^^^^^^^^
                        pass_fds, cwd, env,
                        ^^^^^^^^^^^^^^^^^^^
    ...<5 lines>...
                        gid, gids, uid, umask,
                        ^^^^^^^^^^^^^^^^^^^^^^
                        start_new_session, process_group)
                        ^^^^^^^^^^^^^^^^^^^^^^^^^^^^^^^^^
  File "C:\Python314\Lib\subprocess.py", line 1549, in _execute_child
    sys.audit("subprocess.Popen", executable, args, cwd, env)
    ~~~~~~~~~^^^^^^^^^^^^^^^^^^^^^^^^^^^^^^^^^^^^^^^^^^^^^^^^
  File "E:\AI\projects\uoink\checkouts\Yoink-library\tests\library_work_astra\run_phase3_companions.py", line 84, in audit
    deny(event, args[0])
    ~~~~^^^^^^^^^^^^^^^^
  File "E:\AI\projects\uoink\checkouts\Yoink-library\tests\library_work_astra\run_phase3_companions.py", line 53, in deny
    raise AssertionError('AS6 blocked ' + event + ': ' + str(detail))
AssertionError: AS6 blocked subprocess.Popen: None

The above exception was the direct cause of the following exception:

Traceback (most recent call last):
  File "E:\AI\projects\uoink\checkouts\Yoink-library\library_mirror.py", line 2212, in on_committed_event
    self._record_event(kind, video_id=video_id, shelf_id=shelf_id, brief_hash=brief_hash)
    ~~~~~~~~~~~~~~~~~~^^^^^^^^^^^^^^^^^^^^^^^^^^^^^^^^^^^^^^^^^^^^^^^^^^^^^^^^^^^^^^^^^^^
  File "E:\AI\projects\uoink\checkouts\Yoink-library\library_mirror.py", line 3026, in _record_event
    self._save_ledger(ledger)
    ~~~~~~~~~~~~~~~~~^^^^^^^^
  File "E:\AI\projects\uoink\checkouts\Yoink-library\library_mirror.py", line 2789, in _save_ledger
    self._atomic_local(path, payload)
    ~~~~~~~~~~~~~~~~~~^^^^^^^^^^^^^^^
  File "E:\AI\projects\uoink\checkouts\Yoink-library\library_mirror.py", line 2874, in _atomic_local
    _with_isolated_lease_session(
    ~~~~~~~~~~~~~~~~~~~~~~~~~~~~^
        dest, lambda sess: sess.local_put(str(path), data),
        ^^^^^^^^^^^^^^^^^^^^^^^^^^^^^^^^^^^^^^^^^^^^^^^^^^^
    )
    ^
  File "E:\AI\projects\uoink\checkouts\Yoink-library\library_mirror.py", line 805, in _with_isolated_lease_session
    session = _VaultIoSession.start(dest)
  File "E:\AI\projects\uoink\checkouts\Yoink-library\library_mirror.py", line 1526, in start
    session.launch()
    ~~~~~~~~~~~~~~^^
  File "E:\AI\projects\uoink\checkouts\Yoink-library\library_mirror.py", line 1607, in launch
    raise OSError("vault io worker failed to start") from exc
OSError: vault io worker failed to start
F2026-09-09 08:10:06,739 INFO applying index migration 0001 (0001_initial_schema.sql)
2026-09-09 08:10:06,745 INFO applying index migration 0002 (0002_entity_graph.sql)
2026-09-09 08:10:06,747 INFO applying index migration 0003 (0003_taxonomy_corrections.sql)
2026-09-09 08:10:06,750 INFO applying index migration 0004 (0004_memory_indexes.sql)
2026-09-09 08:10:06,751 INFO applying index migration 0005 (0005_pending_yoinks.sql)
2026-09-09 08:10:06,754 INFO applying index migration 0006 (0006_v2_schema.sql)
2026-09-09 08:10:06,756 INFO applying index migration 0007 (0007_p4_workspaces.sql)
2026-09-09 08:10:06,758 INFO applying index migration 0008 (0008_a2_claims.sql)
2026-09-09 08:10:06,760 INFO applying index migration 0009 (0009_p5_scripts.sql)
2026-09-09 08:10:06,762 INFO applying index migration 0010 (0010_podcast_feeds.sql)
2026-09-09 08:10:06,764 INFO applying index migration 0011 (0011_podcast_audio.sql)
2026-09-09 08:10:06,766 INFO applying index migration 0012 (0012_whisper_transcripts.sql)
2026-09-09 08:10:06,768 INFO applying index migration 0013 (0013_monitored_playlists.sql)
2026-09-09 08:10:06,771 INFO applying index migration 0014 (0014_writing_studio.sql)
2026-09-09 08:10:06,773 INFO applying index migration 0015 (0015_universal_site.sql)
2026-09-09 08:10:06,775 INFO applying index migration 0016 (0016_default_style_anchors.sql)
2026-09-09 08:10:06,777 INFO applying index migration 0017 (0017_pending_long_video_mode.sql)
2026-09-09 08:10:06,779 INFO applying index migration 0018 (0018_writing_drafts.sql)
2026-09-09 08:10:06,781 INFO applying index migration 0019 (0019_auto_uoink.sql)
2026-09-09 08:10:06,783 INFO applying index migration 0020 (0020_platform_author.sql)
2026-09-09 08:10:06,785 INFO applying index migration 0021 (0021_suite_engagement.sql)
2026-09-09 08:10:06,788 INFO applying index migration 0022 (0022_podcast_corpus.sql)
2026-09-09 08:10:06,791 INFO applying index migration 0023 (0023_podcast_watch.sql)
2026-09-09 08:10:06,792 INFO applying index migration 0024 (0024_clips.sql)
2026-09-09 08:10:06,794 INFO applying index migration 0025 (0025_source_type_backfill.sql)
2026-09-09 08:10:06,798 INFO applying index migration 0026 (0026_provenance_precedence.sql)
2026-09-09 08:10:06,800 INFO applying index migration 0027 (0027_library_substrate.sql)
2026-09-09 08:10:06,804 INFO applying index migration 0028 (0028_source_subscriptions.sql)
2026-09-09 08:10:06,807 INFO applying index migration 0030 (0030_media_depth.sql)
.2026-09-09 08:10:08,858 INFO applying index migration 0001 (0001_initial_schema.sql)
2026-09-09 08:10:08,864 INFO applying index migration 0002 (0002_entity_graph.sql)
2026-09-09 08:10:08,867 INFO applying index migration 0003 (0003_taxonomy_corrections.sql)
2026-09-09 08:10:08,870 INFO applying index migration 0004 (0004_memory_indexes.sql)
2026-09-09 08:10:08,871 INFO applying index migration 0005 (0005_pending_yoinks.sql)
2026-09-09 08:10:08,873 INFO applying index migration 0006 (0006_v2_schema.sql)
2026-09-09 08:10:08,875 INFO applying index migration 0007 (0007_p4_workspaces.sql)
2026-09-09 08:10:08,878 INFO applying index migration 0008 (0008_a2_claims.sql)
2026-09-09 08:10:08,880 INFO applying index migration 0009 (0009_p5_scripts.sql)
2026-09-09 08:10:08,882 INFO applying index migration 0010 (0010_podcast_feeds.sql)
2026-09-09 08:10:08,884 INFO applying index migration 0011 (0011_podcast_audio.sql)
2026-09-09 08:10:08,887 INFO applying index migration 0012 (0012_whisper_transcripts.sql)
2026-09-09 08:10:08,890 INFO applying index migration 0013 (0013_monitored_playlists.sql)
2026-09-09 08:10:08,892 INFO applying index migration 0014 (0014_writing_studio.sql)
2026-09-09 08:10:08,894 INFO applying index migration 0015 (0015_universal_site.sql)
2026-09-09 08:10:08,897 INFO applying index migration 0016 (0016_default_style_anchors.sql)
2026-09-09 08:10:08,899 INFO applying index migration 0017 (0017_pending_long_video_mode.sql)
2026-09-09 08:10:08,901 INFO applying index migration 0018 (0018_writing_drafts.sql)
2026-09-09 08:10:08,902 INFO applying index migration 0019 (0019_auto_uoink.sql)
2026-09-09 08:10:08,906 INFO applying index migration 0020 (0020_platform_author.sql)
2026-09-09 08:10:08,908 INFO applying index migration 0021 (0021_suite_engagement.sql)
2026-09-09 08:10:08,910 INFO applying index migration 0022 (0022_podcast_corpus.sql)
2026-09-09 08:10:08,915 INFO applying index migration 0023 (0023_podcast_watch.sql)
2026-09-09 08:10:08,916 INFO applying index migration 0024 (0024_clips.sql)
2026-09-09 08:10:08,918 INFO applying index migration 0025 (0025_source_type_backfill.sql)
2026-09-09 08:10:08,920 INFO applying index migration 0026 (0026_provenance_precedence.sql)
2026-09-09 08:10:08,924 INFO applying index migration 0027 (0027_library_substrate.sql)
2026-09-09 08:10:08,926 INFO applying index migration 0028 (0028_source_subscriptions.sql)
2026-09-09 08:10:08,930 INFO applying index migration 0030 (0030_media_depth.sql)
.2026-09-09 08:10:08,968 INFO applying index migration 0001 (0001_initial_schema.sql)
2026-09-09 08:10:08,972 INFO applying index migration 0002 (0002_entity_graph.sql)
2026-09-09 08:10:08,975 INFO applying index migration 0003 (0003_taxonomy_corrections.sql)
2026-09-09 08:10:08,977 INFO applying index migration 0004 (0004_memory_indexes.sql)
2026-09-09 08:10:08,978 INFO applying index migration 0005 (0005_pending_yoinks.sql)
2026-09-09 08:10:08,980 INFO applying index migration 0006 (0006_v2_schema.sql)
2026-09-09 08:10:08,984 INFO applying index migration 0007 (0007_p4_workspaces.sql)
2026-09-09 08:10:08,985 INFO applying index migration 0008 (0008_a2_claims.sql)
2026-09-09 08:10:08,987 INFO applying index migration 0009 (0009_p5_scripts.sql)
2026-09-09 08:10:08,988 INFO applying index migration 0010 (0010_podcast_feeds.sql)
2026-09-09 08:10:08,991 INFO applying index migration 0011 (0011_podcast_audio.sql)
2026-09-09 08:10:08,993 INFO applying index migration 0012 (0012_whisper_transcripts.sql)
2026-09-09 08:10:08,997 INFO applying index migration 0013 (0013_monitored_playlists.sql)
2026-09-09 08:10:08,999 INFO applying index migration 0014 (0014_writing_studio.sql)
2026-09-09 08:10:09,001 INFO applying index migration 0015 (0015_universal_site.sql)
2026-09-09 08:10:09,003 INFO applying index migration 0016 (0016_default_style_anchors.sql)
2026-09-09 08:10:09,005 INFO applying index migration 0017 (0017_pending_long_video_mode.sql)
2026-09-09 08:10:09,007 INFO applying index migration 0018 (0018_writing_drafts.sql)
2026-09-09 08:10:09,009 INFO applying index migration 0019 (0019_auto_uoink.sql)
2026-09-09 08:10:09,011 INFO applying index migration 0020 (0020_platform_author.sql)
2026-09-09 08:10:09,014 INFO applying index migration 0021 (0021_suite_engagement.sql)
2026-09-09 08:10:09,015 INFO applying index migration 0022 (0022_podcast_corpus.sql)
2026-09-09 08:10:09,019 INFO applying index migration 0023 (0023_podcast_watch.sql)
2026-09-09 08:10:09,021 INFO applying index migration 0024 (0024_clips.sql)
2026-09-09 08:10:09,023 INFO applying index migration 0025 (0025_source_type_backfill.sql)
2026-09-09 08:10:09,025 INFO applying index migration 0026 (0026_provenance_precedence.sql)
2026-09-09 08:10:09,028 INFO applying index migration 0027 (0027_library_substrate.sql)
2026-09-09 08:10:09,031 INFO applying index migration 0028 (0028_source_subscriptions.sql)
2026-09-09 08:10:09,033 INFO applying index migration 0030 (0030_media_depth.sql)
.2026-09-09 08:10:09,075 INFO applying index migration 0001 (0001_initial_schema.sql)
2026-09-09 08:10:09,080 INFO applying index migration 0002 (0002_entity_graph.sql)
2026-09-09 08:10:09,082 INFO applying index migration 0003 (0003_taxonomy_corrections.sql)
2026-09-09 08:10:09,083 INFO applying index migration 0004 (0004_memory_indexes.sql)
2026-09-09 08:10:09,085 INFO applying index migration 0005 (0005_pending_yoinks.sql)
2026-09-09 08:10:09,087 INFO applying index migration 0006 (0006_v2_schema.sql)
2026-09-09 08:10:09,089 INFO applying index migration 0007 (0007_p4_workspaces.sql)
2026-09-09 08:10:09,091 INFO applying index migration 0008 (0008_a2_claims.sql)
2026-09-09 08:10:09,093 INFO applying index migration 0009 (0009_p5_scripts.sql)
2026-09-09 08:10:09,095 INFO applying index migration 0010 (0010_podcast_feeds.sql)
2026-09-09 08:10:09,097 INFO applying index migration 0011 (0011_podcast_audio.sql)
2026-09-09 08:10:09,099 INFO applying index migration 0012 (0012_whisper_transcripts.sql)
2026-09-09 08:10:09,102 INFO applying index migration 0013 (0013_monitored_playlists.sql)
2026-09-09 08:10:09,104 INFO applying index migration 0014 (0014_writing_studio.sql)
2026-09-09 08:10:09,106 INFO applying index migration 0015 (0015_universal_site.sql)
2026-09-09 08:10:09,108 INFO applying index migration 0016 (0016_default_style_anchors.sql)
2026-09-09 08:10:09,110 INFO applying index migration 0017 (0017_pending_long_video_mode.sql)
2026-09-09 08:10:09,112 INFO applying index migration 0018 (0018_writing_drafts.sql)
2026-09-09 08:10:09,114 INFO applying index migration 0019 (0019_auto_uoink.sql)
2026-09-09 08:10:09,116 INFO applying index migration 0020 (0020_platform_author.sql)
2026-09-09 08:10:09,118 INFO applying index migration 0021 (0021_suite_engagement.sql)
2026-09-09 08:10:09,121 INFO applying index migration 0022 (0022_podcast_corpus.sql)
2026-09-09 08:10:09,123 INFO applying index migration 0023 (0023_podcast_watch.sql)
2026-09-09 08:10:09,125 INFO applying index migration 0024 (0024_clips.sql)
2026-09-09 08:10:09,127 INFO applying index migration 0025 (0025_source_type_backfill.sql)
2026-09-09 08:10:09,130 INFO applying index migration 0026 (0026_provenance_precedence.sql)
2026-09-09 08:10:09,132 INFO applying index migration 0027 (0027_library_substrate.sql)
2026-09-09 08:10:09,135 INFO applying index migration 0028 (0028_source_subscriptions.sql)
2026-09-09 08:10:09,137 INFO applying index migration 0030 (0030_media_depth.sql)
.2026-09-09 08:10:09,179 INFO applying index migration 0001 (0001_initial_schema.sql)
2026-09-09 08:10:09,184 INFO applying index migration 0002 (0002_entity_graph.sql)
2026-09-09 08:10:09,185 INFO applying index migration 0003 (0003_taxonomy_corrections.sql)
2026-09-09 08:10:09,187 INFO applying index migration 0004 (0004_memory_indexes.sql)
2026-09-09 08:10:09,189 INFO applying index migration 0005 (0005_pending_yoinks.sql)
2026-09-09 08:10:09,191 INFO applying index migration 0006 (0006_v2_schema.sql)
2026-09-09 08:10:09,194 INFO applying index migration 0007 (0007_p4_workspaces.sql)
2026-09-09 08:10:09,195 INFO applying index migration 0008 (0008_a2_claims.sql)
2026-09-09 08:10:09,197 INFO applying index migration 0009 (0009_p5_scripts.sql)
2026-09-09 08:10:09,200 INFO applying index migration 0010 (0010_podcast_feeds.sql)
2026-09-09 08:10:09,201 INFO applying index migration 0011 (0011_podcast_audio.sql)
2026-09-09 08:10:09,204 INFO applying index migration 0012 (0012_whisper_transcripts.sql)
2026-09-09 08:10:09,206 INFO applying index migration 0013 (0013_monitored_playlists.sql)
2026-09-09 08:10:09,209 INFO applying index migration 0014 (0014_writing_studio.sql)
2026-09-09 08:10:09,211 INFO applying index migration 0015 (0015_universal_site.sql)
2026-09-09 08:10:09,213 INFO applying index migration 0016 (0016_default_style_anchors.sql)
2026-09-09 08:10:09,214 INFO applying index migration 0017 (0017_pending_long_video_mode.sql)
2026-09-09 08:10:09,217 INFO applying index migration 0018 (0018_writing_drafts.sql)
2026-09-09 08:10:09,219 INFO applying index migration 0019 (0019_auto_uoink.sql)
2026-09-09 08:10:09,221 INFO applying index migration 0020 (0020_platform_author.sql)
2026-09-09 08:10:09,223 INFO applying index migration 0021 (0021_suite_engagement.sql)
2026-09-09 08:10:09,226 INFO applying index migration 0022 (0022_podcast_corpus.sql)
2026-09-09 08:10:09,229 INFO applying index migration 0023 (0023_podcast_watch.sql)
2026-09-09 08:10:09,231 INFO applying index migration 0024 (0024_clips.sql)
2026-09-09 08:10:09,233 INFO applying index migration 0025 (0025_source_type_backfill.sql)
2026-09-09 08:10:09,236 INFO applying index migration 0026 (0026_provenance_precedence.sql)
2026-09-09 08:10:09,238 INFO applying index migration 0027 (0027_library_substrate.sql)
2026-09-09 08:10:09,241 INFO applying index migration 0028 (0028_source_subscriptions.sql)
2026-09-09 08:10:09,243 INFO applying index migration 0030 (0030_media_depth.sql)
.2026-09-09 08:10:09,284 INFO applying index migration 0001 (0001_initial_schema.sql)
2026-09-09 08:10:09,289 INFO applying index migration 0002 (0002_entity_graph.sql)
2026-09-09 08:10:09,291 INFO applying index migration 0003 (0003_taxonomy_corrections.sql)
2026-09-09 08:10:09,293 INFO applying index migration 0004 (0004_memory_indexes.sql)
2026-09-09 08:10:09,294 INFO applying index migration 0005 (0005_pending_yoinks.sql)
2026-09-09 08:10:09,297 INFO applying index migration 0006 (0006_v2_schema.sql)
2026-09-09 08:10:09,299 INFO applying index migration 0007 (0007_p4_workspaces.sql)
2026-09-09 08:10:09,301 INFO applying index migration 0008 (0008_a2_claims.sql)
2026-09-09 08:10:09,303 INFO applying index migration 0009 (0009_p5_scripts.sql)
2026-09-09 08:10:09,305 INFO applying index migration 0010 (0010_podcast_feeds.sql)
2026-09-09 08:10:09,307 INFO applying index migration 0011 (0011_podcast_audio.sql)
2026-09-09 08:10:09,309 INFO applying index migration 0012 (0012_whisper_transcripts.sql)
2026-09-09 08:10:09,312 INFO applying index migration 0013 (0013_monitored_playlists.sql)
2026-09-09 08:10:09,315 INFO applying index migration 0014 (0014_writing_studio.sql)
2026-09-09 08:10:09,317 INFO applying index migration 0015 (0015_universal_site.sql)
2026-09-09 08:10:09,319 INFO applying index migration 0016 (0016_default_style_anchors.sql)
2026-09-09 08:10:09,321 INFO applying index migration 0017 (0017_pending_long_video_mode.sql)
2026-09-09 08:10:09,323 INFO applying index migration 0018 (0018_writing_drafts.sql)
2026-09-09 08:10:09,325 INFO applying index migration 0019 (0019_auto_uoink.sql)
2026-09-09 08:10:09,327 INFO applying index migration 0020 (0020_platform_author.sql)
2026-09-09 08:10:09,330 INFO applying index migration 0021 (0021_suite_engagement.sql)
2026-09-09 08:10:09,333 INFO applying index migration 0022 (0022_podcast_corpus.sql)
2026-09-09 08:10:09,336 INFO applying index migration 0023 (0023_podcast_watch.sql)
2026-09-09 08:10:09,338 INFO applying index migration 0024 (0024_clips.sql)
2026-09-09 08:10:09,340 INFO applying index migration 0025 (0025_source_type_backfill.sql)
2026-09-09 08:10:09,343 INFO applying index migration 0026 (0026_provenance_precedence.sql)
2026-09-09 08:10:09,345 INFO applying index migration 0027 (0027_library_substrate.sql)
2026-09-09 08:10:09,348 INFO applying index migration 0028 (0028_source_subscriptions.sql)
2026-09-09 08:10:09,350 INFO applying index migration 0030 (0030_media_depth.sql)
.2026-09-09 08:10:09,427 INFO applying index migration 0001 (0001_initial_schema.sql)
2026-09-09 08:10:09,432 INFO applying index migration 0002 (0002_entity_graph.sql)
2026-09-09 08:10:09,434 INFO applying index migration 0003 (0003_taxonomy_corrections.sql)
2026-09-09 08:10:09,436 INFO applying index migration 0004 (0004_memory_indexes.sql)
2026-09-09 08:10:09,439 INFO applying index migration 0005 (0005_pending_yoinks.sql)
2026-09-09 08:10:09,440 INFO applying index migration 0006 (0006_v2_schema.sql)
2026-09-09 08:10:09,443 INFO applying index migration 0007 (0007_p4_workspaces.sql)
2026-09-09 08:10:09,444 INFO applying index migration 0008 (0008_a2_claims.sql)
2026-09-09 08:10:09,447 INFO applying index migration 0009 (0009_p5_scripts.sql)
2026-09-09 08:10:09,448 INFO applying index migration 0010 (0010_podcast_feeds.sql)
2026-09-09 08:10:09,450 INFO applying index migration 0011 (0011_podcast_audio.sql)
2026-09-09 08:10:09,452 INFO applying index migration 0012 (0012_whisper_transcripts.sql)
2026-09-09 08:10:09,456 INFO applying index migration 0013 (0013_monitored_playlists.sql)
2026-09-09 08:10:09,458 INFO applying index migration 0014 (0014_writing_studio.sql)
2026-09-09 08:10:09,460 INFO applying index migration 0015 (0015_universal_site.sql)
2026-09-09 08:10:09,462 INFO applying index migration 0016 (0016_default_style_anchors.sql)
2026-09-09 08:10:09,464 INFO applying index migration 0017 (0017_pending_long_video_mode.sql)
2026-09-09 08:10:09,466 INFO applying index migration 0018 (0018_writing_drafts.sql)
2026-09-09 08:10:09,468 INFO applying index migration 0019 (0019_auto_uoink.sql)
2026-09-09 08:10:09,470 INFO applying index migration 0020 (0020_platform_author.sql)
2026-09-09 08:10:09,473 INFO applying index migration 0021 (0021_suite_engagement.sql)
2026-09-09 08:10:09,475 INFO applying index migration 0022 (0022_podcast_corpus.sql)
2026-09-09 08:10:09,478 INFO applying index migration 0023 (0023_podcast_watch.sql)
2026-09-09 08:10:09,480 INFO applying index migration 0024 (0024_clips.sql)
2026-09-09 08:10:09,483 INFO applying index migration 0025 (0025_source_type_backfill.sql)
2026-09-09 08:10:09,485 INFO applying index migration 0026 (0026_provenance_precedence.sql)
2026-09-09 08:10:09,487 INFO applying index migration 0027 (0027_library_substrate.sql)
2026-09-09 08:10:09,490 INFO applying index migration 0028 (0028_source_subscriptions.sql)
2026-09-09 08:10:09,494 INFO applying index migration 0030 (0030_media_depth.sql)
2026-09-09 08:10:09,543 INFO applying index migration 0001 (0001_initial_schema.sql)
2026-09-09 08:10:09,548 INFO applying index migration 0002 (0002_entity_graph.sql)
2026-09-09 08:10:09,550 INFO applying index migration 0003 (0003_taxonomy_corrections.sql)
2026-09-09 08:10:09,553 INFO applying index migration 0004 (0004_memory_indexes.sql)
2026-09-09 08:10:09,554 INFO applying index migration 0005 (0005_pending_yoinks.sql)
2026-09-09 08:10:09,556 INFO applying index migration 0006 (0006_v2_schema.sql)
2026-09-09 08:10:09,559 INFO applying index migration 0007 (0007_p4_workspaces.sql)
2026-09-09 08:10:09,561 INFO applying index migration 0008 (0008_a2_claims.sql)
2026-09-09 08:10:09,562 INFO applying index migration 0009 (0009_p5_scripts.sql)
2026-09-09 08:10:09,564 INFO applying index migration 0010 (0010_podcast_feeds.sql)
2026-09-09 08:10:09,566 INFO applying index migration 0011 (0011_podcast_audio.sql)
2026-09-09 08:10:09,569 INFO applying index migration 0012 (0012_whisper_transcripts.sql)
2026-09-09 08:10:09,571 INFO applying index migration 0013 (0013_monitored_playlists.sql)
2026-09-09 08:10:09,573 INFO applying index migration 0014 (0014_writing_studio.sql)
2026-09-09 08:10:09,576 INFO applying index migration 0015 (0015_universal_site.sql)
2026-09-09 08:10:09,578 INFO applying index migration 0016 (0016_default_style_anchors.sql)
2026-09-09 08:10:09,580 INFO applying index migration 0017 (0017_pending_long_video_mode.sql)
2026-09-09 08:10:09,581 INFO applying index migration 0018 (0018_writing_drafts.sql)
2026-09-09 08:10:09,584 INFO applying index migration 0019 (0019_auto_uoink.sql)
2026-09-09 08:10:09,586 INFO applying index migration 0020 (0020_platform_author.sql)
2026-09-09 08:10:09,589 INFO applying index migration 0021 (0021_suite_engagement.sql)
2026-09-09 08:10:09,591 INFO applying index migration 0022 (0022_podcast_corpus.sql)
2026-09-09 08:10:09,595 INFO applying index migration 0023 (0023_podcast_watch.sql)
2026-09-09 08:10:09,597 INFO applying index migration 0024 (0024_clips.sql)
2026-09-09 08:10:09,598 INFO applying index migration 0025 (0025_source_type_backfill.sql)
2026-09-09 08:10:09,600 INFO applying index migration 0026 (0026_provenance_precedence.sql)
2026-09-09 08:10:09,603 INFO applying index migration 0027 (0027_library_substrate.sql)
2026-09-09 08:10:09,606 INFO applying index migration 0028 (0028_source_subscriptions.sql)
2026-09-09 08:10:09,609 INFO applying index migration 0030 (0030_media_depth.sql)
.2026-09-09 08:10:09,666 INFO applying index migration 0001 (0001_initial_schema.sql)
2026-09-09 08:10:09,671 INFO applying index migration 0002 (0002_entity_graph.sql)
2026-09-09 08:10:09,673 INFO applying index migration 0003 (0003_taxonomy_corrections.sql)
2026-09-09 08:10:09,675 INFO applying index migration 0004 (0004_memory_indexes.sql)
2026-09-09 08:10:09,676 INFO applying index migration 0005 (0005_pending_yoinks.sql)
2026-09-09 08:10:09,679 INFO applying index migration 0006 (0006_v2_schema.sql)
2026-09-09 08:10:09,681 INFO applying index migration 0007 (0007_p4_workspaces.sql)
2026-09-09 08:10:09,683 INFO applying index migration 0008 (0008_a2_claims.sql)
2026-09-09 08:10:09,685 INFO applying index migration 0009 (0009_p5_scripts.sql)
2026-09-09 08:10:09,687 INFO applying index migration 0010 (0010_podcast_feeds.sql)
2026-09-09 08:10:09,689 INFO applying index migration 0011 (0011_podcast_audio.sql)
2026-09-09 08:10:09,691 INFO applying index migration 0012 (0012_whisper_transcripts.sql)
2026-09-09 08:10:09,694 INFO applying index migration 0013 (0013_monitored_playlists.sql)
2026-09-09 08:10:09,697 INFO applying index migration 0014 (0014_writing_studio.sql)
2026-09-09 08:10:09,698 INFO applying index migration 0015 (0015_universal_site.sql)
2026-09-09 08:10:09,700 INFO applying index migration 0016 (0016_default_style_anchors.sql)
2026-09-09 08:10:09,702 INFO applying index migration 0017 (0017_pending_long_video_mode.sql)
2026-09-09 08:10:09,705 INFO applying index migration 0018 (0018_writing_drafts.sql)
2026-09-09 08:10:09,706 INFO applying index migration 0019 (0019_auto_uoink.sql)
2026-09-09 08:10:09,708 INFO applying index migration 0020 (0020_platform_author.sql)
2026-09-09 08:10:09,711 INFO applying index migration 0021 (0021_suite_engagement.sql)
2026-09-09 08:10:09,714 INFO applying index migration 0022 (0022_podcast_corpus.sql)
2026-09-09 08:10:09,717 INFO applying index migration 0023 (0023_podcast_watch.sql)
2026-09-09 08:10:09,719 INFO applying index migration 0024 (0024_clips.sql)
2026-09-09 08:10:09,720 INFO applying index migration 0025 (0025_source_type_backfill.sql)
2026-09-09 08:10:09,723 INFO applying index migration 0026 (0026_provenance_precedence.sql)
2026-09-09 08:10:09,725 INFO applying index migration 0027 (0027_library_substrate.sql)
2026-09-09 08:10:09,728 INFO applying index migration 0028 (0028_source_subscriptions.sql)
2026-09-09 08:10:09,730 INFO applying index migration 0030 (0030_media_depth.sql)
.2026-09-09 08:10:09,769 INFO applying index migration 0001 (0001_initial_schema.sql)
2026-09-09 08:10:09,774 INFO applying index migration 0002 (0002_entity_graph.sql)
2026-09-09 08:10:09,776 INFO applying index migration 0003 (0003_taxonomy_corrections.sql)
2026-09-09 08:10:09,778 INFO applying index migration 0004 (0004_memory_indexes.sql)
2026-09-09 08:10:09,779 INFO applying index migration 0005 (0005_pending_yoinks.sql)
2026-09-09 08:10:09,782 INFO applying index migration 0006 (0006_v2_schema.sql)
2026-09-09 08:10:09,785 INFO applying index migration 0007 (0007_p4_workspaces.sql)
2026-09-09 08:10:09,786 INFO applying index migration 0008 (0008_a2_claims.sql)
2026-09-09 08:10:09,788 INFO applying index migration 0009 (0009_p5_scripts.sql)
2026-09-09 08:10:09,791 INFO applying index migration 0010 (0010_podcast_feeds.sql)
2026-09-09 08:10:09,793 INFO applying index migration 0011 (0011_podcast_audio.sql)
2026-09-09 08:10:09,795 INFO applying index migration 0012 (0012_whisper_transcripts.sql)
2026-09-09 08:10:09,798 INFO applying index migration 0013 (0013_monitored_playlists.sql)
2026-09-09 08:10:09,801 INFO applying index migration 0014 (0014_writing_studio.sql)
2026-09-09 08:10:09,803 INFO applying index migration 0015 (0015_universal_site.sql)
2026-09-09 08:10:09,805 INFO applying index migration 0016 (0016_default_style_anchors.sql)
2026-09-09 08:10:09,806 INFO applying index migration 0017 (0017_pending_long_video_mode.sql)
2026-09-09 08:10:09,809 INFO applying index migration 0018 (0018_writing_drafts.sql)
2026-09-09 08:10:09,811 INFO applying index migration 0019 (0019_auto_uoink.sql)
2026-09-09 08:10:09,813 INFO applying index migration 0020 (0020_platform_author.sql)
2026-09-09 08:10:09,815 INFO applying index migration 0021 (0021_suite_engagement.sql)
2026-09-09 08:10:09,818 INFO applying index migration 0022 (0022_podcast_corpus.sql)
2026-09-09 08:10:09,821 INFO applying index migration 0023 (0023_podcast_watch.sql)
2026-09-09 08:10:09,823 INFO applying index migration 0024 (0024_clips.sql)
2026-09-09 08:10:09,825 INFO applying index migration 0025 (0025_source_type_backfill.sql)
2026-09-09 08:10:09,828 INFO applying index migration 0026 (0026_provenance_precedence.sql)
2026-09-09 08:10:09,829 INFO applying index migration 0027 (0027_library_substrate.sql)
2026-09-09 08:10:09,832 INFO applying index migration 0028 (0028_source_subscriptions.sql)
2026-09-09 08:10:09,835 INFO applying index migration 0030 (0030_media_depth.sql)
.2026-09-09 08:10:09,893 INFO applying index migration 0001 (0001_initial_schema.sql)
2026-09-09 08:10:09,898 INFO applying index migration 0002 (0002_entity_graph.sql)
2026-09-09 08:10:09,900 INFO applying index migration 0003 (0003_taxonomy_corrections.sql)
2026-09-09 08:10:09,902 INFO applying index migration 0004 (0004_memory_indexes.sql)
2026-09-09 08:10:09,904 INFO applying index migration 0005 (0005_pending_yoinks.sql)
2026-09-09 08:10:09,905 INFO applying index migration 0006 (0006_v2_schema.sql)
2026-09-09 08:10:09,909 INFO applying index migration 0007 (0007_p4_workspaces.sql)
2026-09-09 08:10:09,911 INFO applying index migration 0008 (0008_a2_claims.sql)
2026-09-09 08:10:09,912 INFO applying index migration 0009 (0009_p5_scripts.sql)
2026-09-09 08:10:09,914 INFO applying index migration 0010 (0010_podcast_feeds.sql)
2026-09-09 08:10:09,917 INFO applying index migration 0011 (0011_podcast_audio.sql)
2026-09-09 08:10:09,919 INFO applying index migration 0012 (0012_whisper_transcripts.sql)
2026-09-09 08:10:09,922 INFO applying index migration 0013 (0013_monitored_playlists.sql)
2026-09-09 08:10:09,924 INFO applying index migration 0014 (0014_writing_studio.sql)
2026-09-09 08:10:09,926 INFO applying index migration 0015 (0015_universal_site.sql)
2026-09-09 08:10:09,928 INFO applying index migration 0016 (0016_default_style_anchors.sql)
2026-09-09 08:10:09,930 INFO applying index migration 0017 (0017_pending_long_video_mode.sql)
2026-09-09 08:10:09,932 INFO applying index migration 0018 (0018_writing_drafts.sql)
2026-09-09 08:10:09,934 INFO applying index migration 0019 (0019_auto_uoink.sql)
2026-09-09 08:10:09,936 INFO applying index migration 0020 (0020_platform_author.sql)
2026-09-09 08:10:09,939 INFO applying index migration 0021 (0021_suite_engagement.sql)
2026-09-09 08:10:09,940 INFO applying index migration 0022 (0022_podcast_corpus.sql)
2026-09-09 08:10:09,944 INFO applying index migration 0023 (0023_podcast_watch.sql)
2026-09-09 08:10:09,947 INFO applying index migration 0024 (0024_clips.sql)
2026-09-09 08:10:09,949 INFO applying index migration 0025 (0025_source_type_backfill.sql)
2026-09-09 08:10:09,951 INFO applying index migration 0026 (0026_provenance_precedence.sql)
2026-09-09 08:10:09,954 INFO applying index migration 0027 (0027_library_substrate.sql)
2026-09-09 08:10:09,957 INFO applying index migration 0028 (0028_source_subscriptions.sql)
2026-09-09 08:10:09,959 INFO applying index migration 0030 (0030_media_depth.sql)
.2026-09-09 08:10:10,046 INFO applying index migration 0001 (0001_initial_schema.sql)
2026-09-09 08:10:10,051 INFO applying index migration 0002 (0002_entity_graph.sql)
2026-09-09 08:10:10,053 INFO applying index migration 0003 (0003_taxonomy_corrections.sql)
2026-09-09 08:10:10,054 INFO applying index migration 0004 (0004_memory_indexes.sql)
2026-09-09 08:10:10,057 INFO applying index migration 0005 (0005_pending_yoinks.sql)
2026-09-09 08:10:10,059 INFO applying index migration 0006 (0006_v2_schema.sql)
2026-09-09 08:10:10,061 INFO applying index migration 0007 (0007_p4_workspaces.sql)
2026-09-09 08:10:10,063 INFO applying index migration 0008 (0008_a2_claims.sql)
2026-09-09 08:10:10,066 INFO applying index migration 0009 (0009_p5_scripts.sql)
2026-09-09 08:10:10,067 INFO applying index migration 0010 (0010_podcast_feeds.sql)
2026-09-09 08:10:10,069 INFO applying index migration 0011 (0011_podcast_audio.sql)
2026-09-09 08:10:10,072 INFO applying index migration 0012 (0012_whisper_transcripts.sql)
2026-09-09 08:10:10,076 INFO applying index migration 0013 (0013_monitored_playlists.sql)
2026-09-09 08:10:10,077 INFO applying index migration 0014 (0014_writing_studio.sql)
2026-09-09 08:10:10,079 INFO applying index migration 0015 (0015_universal_site.sql)
2026-09-09 08:10:10,081 INFO applying index migration 0016 (0016_default_style_anchors.sql)
2026-09-09 08:10:10,084 INFO applying index migration 0017 (0017_pending_long_video_mode.sql)
2026-09-09 08:10:10,086 INFO applying index migration 0018 (0018_writing_drafts.sql)
2026-09-09 08:10:10,087 INFO applying index migration 0019 (0019_auto_uoink.sql)
2026-09-09 08:10:10,089 INFO applying index migration 0020 (0020_platform_author.sql)
2026-09-09 08:10:10,092 INFO applying index migration 0021 (0021_suite_engagement.sql)
2026-09-09 08:10:10,094 INFO applying index migration 0022 (0022_podcast_corpus.sql)
2026-09-09 08:10:10,097 INFO applying index migration 0023 (0023_podcast_watch.sql)
2026-09-09 08:10:10,100 INFO applying index migration 0024 (0024_clips.sql)
2026-09-09 08:10:10,102 INFO applying index migration 0025 (0025_source_type_backfill.sql)
2026-09-09 08:10:10,104 INFO applying index migration 0026 (0026_provenance_precedence.sql)
2026-09-09 08:10:10,106 INFO applying index migration 0027 (0027_library_substrate.sql)
2026-09-09 08:10:10,109 INFO applying index migration 0028 (0028_source_subscriptions.sql)
2026-09-09 08:10:10,112 INFO applying index migration 0030 (0030_media_depth.sql)
2026-09-09 08:10:10,180 INFO trash purge: hard-removed 1 expired yoink(s)
.2026-09-09 08:10:10,194 INFO applying index migration 0001 (0001_initial_schema.sql)
2026-09-09 08:10:10,199 INFO applying index migration 0002 (0002_entity_graph.sql)
2026-09-09 08:10:10,201 INFO applying index migration 0003 (0003_taxonomy_corrections.sql)
2026-09-09 08:10:10,204 INFO applying index migration 0004 (0004_memory_indexes.sql)
2026-09-09 08:10:10,205 INFO applying index migration 0005 (0005_pending_yoinks.sql)
2026-09-09 08:10:10,207 INFO applying index migration 0006 (0006_v2_schema.sql)
2026-09-09 08:10:10,209 INFO applying index migration 0007 (0007_p4_workspaces.sql)
2026-09-09 08:10:10,212 INFO applying index migration 0008 (0008_a2_claims.sql)
2026-09-09 08:10:10,214 INFO applying index migration 0009 (0009_p5_scripts.sql)
2026-09-09 08:10:10,215 INFO applying index migration 0010 (0010_podcast_feeds.sql)
2026-09-09 08:10:10,217 INFO applying index migration 0011 (0011_podcast_audio.sql)
2026-09-09 08:10:10,221 INFO applying index migration 0012 (0012_whisper_transcripts.sql)
2026-09-09 08:10:10,223 INFO applying index migration 0013 (0013_monitored_playlists.sql)
2026-09-09 08:10:10,225 INFO applying index migration 0014 (0014_writing_studio.sql)
2026-09-09 08:10:10,227 INFO applying index migration 0015 (0015_universal_site.sql)
2026-09-09 08:10:10,230 INFO applying index migration 0016 (0016_default_style_anchors.sql)
2026-09-09 08:10:10,232 INFO applying index migration 0017 (0017_pending_long_video_mode.sql)
2026-09-09 08:10:10,233 INFO applying index migration 0018 (0018_writing_drafts.sql)
2026-09-09 08:10:10,235 INFO applying index migration 0019 (0019_auto_uoink.sql)
2026-09-09 08:10:10,238 INFO applying index migration 0020 (0020_platform_author.sql)
2026-09-09 08:10:10,240 INFO applying index migration 0021 (0021_suite_engagement.sql)
2026-09-09 08:10:10,242 INFO applying index migration 0022 (0022_podcast_corpus.sql)
2026-09-09 08:10:10,245 INFO applying index migration 0023 (0023_podcast_watch.sql)
2026-09-09 08:10:10,248 INFO applying index migration 0024 (0024_clips.sql)
2026-09-09 08:10:10,250 INFO applying index migration 0025 (0025_source_type_backfill.sql)
2026-09-09 08:10:10,252 INFO applying index migration 0026 (0026_provenance_precedence.sql)
2026-09-09 08:10:10,253 INFO applying index migration 0027 (0027_library_substrate.sql)
2026-09-09 08:10:10,258 INFO applying index migration 0028 (0028_source_subscriptions.sql)
2026-09-09 08:10:10,261 INFO applying index migration 0030 (0030_media_depth.sql)
.2026-09-09 08:10:10,326 INFO applying index migration 0001 (0001_initial_schema.sql)
2026-09-09 08:10:10,331 INFO applying index migration 0002 (0002_entity_graph.sql)
2026-09-09 08:10:10,333 INFO applying index migration 0003 (0003_taxonomy_corrections.sql)
2026-09-09 08:10:10,334 INFO applying index migration 0004 (0004_memory_indexes.sql)
2026-09-09 08:10:10,337 INFO applying index migration 0005 (0005_pending_yoinks.sql)
2026-09-09 08:10:10,338 INFO applying index migration 0006 (0006_v2_schema.sql)
2026-09-09 08:10:10,341 INFO applying index migration 0007 (0007_p4_workspaces.sql)
2026-09-09 08:10:10,343 INFO applying index migration 0008 (0008_a2_claims.sql)
2026-09-09 08:10:10,345 INFO applying index migration 0009 (0009_p5_scripts.sql)
2026-09-09 08:10:10,347 INFO applying index migration 0010 (0010_podcast_feeds.sql)
2026-09-09 08:10:10,348 INFO applying index migration 0011 (0011_podcast_audio.sql)
2026-09-09 08:10:10,351 INFO applying index migration 0012 (0012_whisper_transcripts.sql)
2026-09-09 08:10:10,355 INFO applying index migration 0013 (0013_monitored_playlists.sql)
2026-09-09 08:10:10,356 INFO applying index migration 0014 (0014_writing_studio.sql)
2026-09-09 08:10:10,358 INFO applying index migration 0015 (0015_universal_site.sql)
2026-09-09 08:10:10,360 INFO applying index migration 0016 (0016_default_style_anchors.sql)
2026-09-09 08:10:10,363 INFO applying index migration 0017 (0017_pending_long_video_mode.sql)
2026-09-09 08:10:10,365 INFO applying index migration 0018 (0018_writing_drafts.sql)
2026-09-09 08:10:10,366 INFO applying index migration 0019 (0019_auto_uoink.sql)
2026-09-09 08:10:10,368 INFO applying index migration 0020 (0020_platform_author.sql)
2026-09-09 08:10:10,371 INFO applying index migration 0021 (0021_suite_engagement.sql)
2026-09-09 08:10:10,373 INFO applying index migration 0022 (0022_podcast_corpus.sql)
2026-09-09 08:10:10,376 INFO applying index migration 0023 (0023_podcast_watch.sql)
2026-09-09 08:10:10,378 INFO applying index migration 0024 (0024_clips.sql)
2026-09-09 08:10:10,381 INFO applying index migration 0025 (0025_source_type_backfill.sql)
2026-09-09 08:10:10,383 INFO applying index migration 0026 (0026_provenance_precedence.sql)
2026-09-09 08:10:10,385 INFO applying index migration 0027 (0027_library_substrate.sql)
2026-09-09 08:10:10,387 INFO applying index migration 0028 (0028_source_subscriptions.sql)
2026-09-09 08:10:10,391 INFO applying index migration 0030 (0030_media_depth.sql)
F2026-09-09 08:10:10,437 INFO applying index migration 0001 (0001_initial_schema.sql)
2026-09-09 08:10:10,442 INFO applying index migration 0002 (0002_entity_graph.sql)
2026-09-09 08:10:10,444 INFO applying index migration 0003 (0003_taxonomy_corrections.sql)
2026-09-09 08:10:10,446 INFO applying index migration 0004 (0004_memory_indexes.sql)
2026-09-09 08:10:10,448 INFO applying index migration 0005 (0005_pending_yoinks.sql)
2026-09-09 08:10:10,450 INFO applying index migration 0006 (0006_v2_schema.sql)
2026-09-09 08:10:10,452 INFO applying index migration 0007 (0007_p4_workspaces.sql)
2026-09-09 08:10:10,454 INFO applying index migration 0008 (0008_a2_claims.sql)
2026-09-09 08:10:10,456 INFO applying index migration 0009 (0009_p5_scripts.sql)
2026-09-09 08:10:10,458 INFO applying index migration 0010 (0010_podcast_feeds.sql)
2026-09-09 08:10:10,459 INFO applying index migration 0011 (0011_podcast_audio.sql)
2026-09-09 08:10:10,462 INFO applying index migration 0012 (0012_whisper_transcripts.sql)
2026-09-09 08:10:10,466 INFO applying index migration 0013 (0013_monitored_playlists.sql)
2026-09-09 08:10:10,468 INFO applying index migration 0014 (0014_writing_studio.sql)
2026-09-09 08:10:10,469 INFO applying index migration 0015 (0015_universal_site.sql)
2026-09-09 08:10:10,471 INFO applying index migration 0016 (0016_default_style_anchors.sql)
2026-09-09 08:10:10,474 INFO applying index migration 0017 (0017_pending_long_video_mode.sql)
2026-09-09 08:10:10,476 INFO applying index migration 0018 (0018_writing_drafts.sql)
2026-09-09 08:10:10,477 INFO applying index migration 0019 (0019_auto_uoink.sql)
2026-09-09 08:10:10,479 INFO applying index migration 0020 (0020_platform_author.sql)
2026-09-09 08:10:10,482 INFO applying index migration 0021 (0021_suite_engagement.sql)
2026-09-09 08:10:10,484 INFO applying index migration 0022 (0022_podcast_corpus.sql)
2026-09-09 08:10:10,487 INFO applying index migration 0023 (0023_podcast_watch.sql)
2026-09-09 08:10:10,489 INFO applying index migration 0024 (0024_clips.sql)
2026-09-09 08:10:10,492 INFO applying index migration 0025 (0025_source_type_backfill.sql)
2026-09-09 08:10:10,494 INFO applying index migration 0026 (0026_provenance_precedence.sql)
2026-09-09 08:10:10,495 INFO applying index migration 0027 (0027_library_substrate.sql)
2026-09-09 08:10:10,498 INFO applying index migration 0028 (0028_source_subscriptions.sql)
2026-09-09 08:10:10,502 INFO applying index migration 0030 (0030_media_depth.sql)
2026-09-09 08:10:10,523 ERROR mirror ledger update failed for capture
Traceback (most recent call last):
  File "E:\AI\projects\uoink\checkouts\Yoink-library\library_mirror.py", line 1595, in launch
    proc = subprocess.Popen(
        [sys.executable, "-B", worker],
        **kwargs,
    )
  File "C:\Python314\Lib\subprocess.py", line 1039, in __init__
    self._execute_child(args, executable, preexec_fn, close_fds,
    ~~~~~~~~~~~~~~~~~~~^^^^^^^^^^^^^^^^^^^^^^^^^^^^^^^^^^^^^^^^^
                        pass_fds, cwd, env,
                        ^^^^^^^^^^^^^^^^^^^
    ...<5 lines>...
                        gid, gids, uid, umask,
                        ^^^^^^^^^^^^^^^^^^^^^^
                        start_new_session, process_group)
                        ^^^^^^^^^^^^^^^^^^^^^^^^^^^^^^^^^
  File "C:\Python314\Lib\subprocess.py", line 1549, in _execute_child
    sys.audit("subprocess.Popen", executable, args, cwd, env)
    ~~~~~~~~~^^^^^^^^^^^^^^^^^^^^^^^^^^^^^^^^^^^^^^^^^^^^^^^^
  File "E:\AI\projects\uoink\checkouts\Yoink-library\tests\library_work_astra\run_phase3_companions.py", line 84, in audit
    deny(event, args[0])
    ~~~~^^^^^^^^^^^^^^^^
  File "E:\AI\projects\uoink\checkouts\Yoink-library\tests\library_work_astra\run_phase3_companions.py", line 53, in deny
    raise AssertionError('AS6 blocked ' + event + ': ' + str(detail))
AssertionError: AS6 blocked subprocess.Popen: None

The above exception was the direct cause of the following exception:

Traceback (most recent call last):
  File "E:\AI\projects\uoink\checkouts\Yoink-library\library_mirror.py", line 2212, in on_committed_event
    self._record_event(kind, video_id=video_id, shelf_id=shelf_id, brief_hash=brief_hash)
    ~~~~~~~~~~~~~~~~~~^^^^^^^^^^^^^^^^^^^^^^^^^^^^^^^^^^^^^^^^^^^^^^^^^^^^^^^^^^^^^^^^^^^
  File "E:\AI\projects\uoink\checkouts\Yoink-library\library_mirror.py", line 3026, in _record_event
    self._save_ledger(ledger)
    ~~~~~~~~~~~~~~~~~^^^^^^^^
  File "E:\AI\projects\uoink\checkouts\Yoink-library\library_mirror.py", line 2789, in _save_ledger
    self._atomic_local(path, payload)
    ~~~~~~~~~~~~~~~~~~^^^^^^^^^^^^^^^
  File "E:\AI\projects\uoink\checkouts\Yoink-library\library_mirror.py", line 2874, in _atomic_local
    _with_isolated_lease_session(
    ~~~~~~~~~~~~~~~~~~~~~~~~~~~~^
        dest, lambda sess: sess.local_put(str(path), data),
        ^^^^^^^^^^^^^^^^^^^^^^^^^^^^^^^^^^^^^^^^^^^^^^^^^^^
    )
    ^
  File "E:\AI\projects\uoink\checkouts\Yoink-library\library_mirror.py", line 805, in _with_isolated_lease_session
    session = _VaultIoSession.start(dest)
  File "E:\AI\projects\uoink\checkouts\Yoink-library\library_mirror.py", line 1526, in start
    session.launch()
    ~~~~~~~~~~~~~~^^
  File "E:\AI\projects\uoink\checkouts\Yoink-library\library_mirror.py", line 1607, in launch
    raise OSError("vault io worker failed to start") from exc
OSError: vault io worker failed to start
F2026-09-09 08:10:10,553 INFO applying index migration 0001 (0001_initial_schema.sql)
2026-09-09 08:10:10,558 INFO applying index migration 0002 (0002_entity_graph.sql)
2026-09-09 08:10:10,560 INFO applying index migration 0003 (0003_taxonomy_corrections.sql)
2026-09-09 08:10:10,561 INFO applying index migration 0004 (0004_memory_indexes.sql)
2026-09-09 08:10:10,564 INFO applying index migration 0005 (0005_pending_yoinks.sql)
2026-09-09 08:10:10,565 INFO applying index migration 0006 (0006_v2_schema.sql)
2026-09-09 08:10:10,568 INFO applying index migration 0007 (0007_p4_workspaces.sql)
2026-09-09 08:10:10,569 INFO applying index migration 0008 (0008_a2_claims.sql)
2026-09-09 08:10:10,572 INFO applying index migration 0009 (0009_p5_scripts.sql)
2026-09-09 08:10:10,573 INFO applying index migration 0010 (0010_podcast_feeds.sql)
2026-09-09 08:10:10,575 INFO applying index migration 0011 (0011_podcast_audio.sql)
2026-09-09 08:10:10,578 INFO applying index migration 0012 (0012_whisper_transcripts.sql)
2026-09-09 08:10:10,582 INFO applying index migration 0013 (0013_monitored_playlists.sql)
2026-09-09 08:10:10,584 INFO applying index migration 0014 (0014_writing_studio.sql)
2026-09-09 08:10:10,585 INFO applying index migration 0015 (0015_universal_site.sql)
2026-09-09 08:10:10,587 INFO applying index migration 0016 (0016_default_style_anchors.sql)
2026-09-09 08:10:10,590 INFO applying index migration 0017 (0017_pending_long_video_mode.sql)
2026-09-09 08:10:10,592 INFO applying index migration 0018 (0018_writing_drafts.sql)
2026-09-09 08:10:10,594 INFO applying index migration 0019 (0019_auto_uoink.sql)
2026-09-09 08:10:10,595 INFO applying index migration 0020 (0020_platform_author.sql)
2026-09-09 08:10:10,599 INFO applying index migration 0021 (0021_suite_engagement.sql)
2026-09-09 08:10:10,601 INFO applying index migration 0022 (0022_podcast_corpus.sql)
2026-09-09 08:10:10,604 INFO applying index migration 0023 (0023_podcast_watch.sql)
2026-09-09 08:10:10,606 INFO applying index migration 0024 (0024_clips.sql)
2026-09-09 08:10:10,609 INFO applying index migration 0025 (0025_source_type_backfill.sql)
2026-09-09 08:10:10,611 INFO applying index migration 0026 (0026_provenance_precedence.sql)
2026-09-09 08:10:10,613 INFO applying index migration 0027 (0027_library_substrate.sql)
2026-09-09 08:10:10,616 INFO applying index migration 0028 (0028_source_subscriptions.sql)
2026-09-09 08:10:10,620 INFO applying index migration 0030 (0030_media_depth.sql)
2026-09-09 08:10:10,644 ERROR mirror ledger update failed for capture
Traceback (most recent call last):
  File "E:\AI\projects\uoink\checkouts\Yoink-library\library_mirror.py", line 1595, in launch
    proc = subprocess.Popen(
        [sys.executable, "-B", worker],
        **kwargs,
    )
  File "C:\Python314\Lib\subprocess.py", line 1039, in __init__
    self._execute_child(args, executable, preexec_fn, close_fds,
    ~~~~~~~~~~~~~~~~~~~^^^^^^^^^^^^^^^^^^^^^^^^^^^^^^^^^^^^^^^^^
                        pass_fds, cwd, env,
                        ^^^^^^^^^^^^^^^^^^^
    ...<5 lines>...
                        gid, gids, uid, umask,
                        ^^^^^^^^^^^^^^^^^^^^^^
                        start_new_session, process_group)
                        ^^^^^^^^^^^^^^^^^^^^^^^^^^^^^^^^^
  File "C:\Python314\Lib\subprocess.py", line 1549, in _execute_child
    sys.audit("subprocess.Popen", executable, args, cwd, env)
    ~~~~~~~~~^^^^^^^^^^^^^^^^^^^^^^^^^^^^^^^^^^^^^^^^^^^^^^^^
  File "E:\AI\projects\uoink\checkouts\Yoink-library\tests\library_work_astra\run_phase3_companions.py", line 84, in audit
    deny(event, args[0])
    ~~~~^^^^^^^^^^^^^^^^
  File "E:\AI\projects\uoink\checkouts\Yoink-library\tests\library_work_astra\run_phase3_companions.py", line 53, in deny
    raise AssertionError('AS6 blocked ' + event + ': ' + str(detail))
AssertionError: AS6 blocked subprocess.Popen: None

The above exception was the direct cause of the following exception:

Traceback (most recent call last):
  File "E:\AI\projects\uoink\checkouts\Yoink-library\library_mirror.py", line 2212, in on_committed_event
    self._record_event(kind, video_id=video_id, shelf_id=shelf_id, brief_hash=brief_hash)
    ~~~~~~~~~~~~~~~~~~^^^^^^^^^^^^^^^^^^^^^^^^^^^^^^^^^^^^^^^^^^^^^^^^^^^^^^^^^^^^^^^^^^^
  File "E:\AI\projects\uoink\checkouts\Yoink-library\library_mirror.py", line 3026, in _record_event
    self._save_ledger(ledger)
    ~~~~~~~~~~~~~~~~~^^^^^^^^
  File "E:\AI\projects\uoink\checkouts\Yoink-library\library_mirror.py", line 2789, in _save_ledger
    self._atomic_local(path, payload)
    ~~~~~~~~~~~~~~~~~~^^^^^^^^^^^^^^^
  File "E:\AI\projects\uoink\checkouts\Yoink-library\library_mirror.py", line 2874, in _atomic_local
    _with_isolated_lease_session(
    ~~~~~~~~~~~~~~~~~~~~~~~~~~~~^
        dest, lambda sess: sess.local_put(str(path), data),
        ^^^^^^^^^^^^^^^^^^^^^^^^^^^^^^^^^^^^^^^^^^^^^^^^^^^
    )
    ^
  File "E:\AI\projects\uoink\checkouts\Yoink-library\library_mirror.py", line 805, in _with_isolated_lease_session
    session = _VaultIoSession.start(dest)
  File "E:\AI\projects\uoink\checkouts\Yoink-library\library_mirror.py", line 1526, in start
    session.launch()
    ~~~~~~~~~~~~~~^^
  File "E:\AI\projects\uoink\checkouts\Yoink-library\library_mirror.py", line 1607, in launch
    raise OSError("vault io worker failed to start") from exc
OSError: vault io worker failed to start
F2026-09-09 08:10:10,674 INFO applying index migration 0001 (0001_initial_schema.sql)
2026-09-09 08:10:10,680 INFO applying index migration 0002 (0002_entity_graph.sql)
2026-09-09 08:10:10,681 INFO applying index migration 0003 (0003_taxonomy_corrections.sql)
2026-09-09 08:10:10,683 INFO applying index migration 0004 (0004_memory_indexes.sql)
2026-09-09 08:10:10,686 INFO applying index migration 0005 (0005_pending_yoinks.sql)
2026-09-09 08:10:10,687 INFO applying index migration 0006 (0006_v2_schema.sql)
2026-09-09 08:10:10,690 INFO applying index migration 0007 (0007_p4_workspaces.sql)
2026-09-09 08:10:10,691 INFO applying index migration 0008 (0008_a2_claims.sql)
2026-09-09 08:10:10,694 INFO applying index migration 0009 (0009_p5_scripts.sql)
2026-09-09 08:10:10,695 INFO applying index migration 0010 (0010_podcast_feeds.sql)
2026-09-09 08:10:10,697 INFO applying index migration 0011 (0011_podcast_audio.sql)
2026-09-09 08:10:10,699 INFO applying index migration 0012 (0012_whisper_transcripts.sql)
2026-09-09 08:10:10,703 INFO applying index migration 0013 (0013_monitored_playlists.sql)
2026-09-09 08:10:10,705 INFO applying index migration 0014 (0014_writing_studio.sql)
2026-09-09 08:10:10,706 INFO applying index migration 0015 (0015_universal_site.sql)
2026-09-09 08:10:10,708 INFO applying index migration 0016 (0016_default_style_anchors.sql)
2026-09-09 08:10:10,711 INFO applying index migration 0017 (0017_pending_long_video_mode.sql)
2026-09-09 08:10:10,713 INFO applying index migration 0018 (0018_writing_drafts.sql)
2026-09-09 08:10:10,715 INFO applying index migration 0019 (0019_auto_uoink.sql)
2026-09-09 08:10:10,717 INFO applying index migration 0020 (0020_platform_author.sql)
2026-09-09 08:10:10,720 INFO applying index migration 0021 (0021_suite_engagement.sql)
2026-09-09 08:10:10,721 INFO applying index migration 0022 (0022_podcast_corpus.sql)
2026-09-09 08:10:10,724 INFO applying index migration 0023 (0023_podcast_watch.sql)
2026-09-09 08:10:10,726 INFO applying index migration 0024 (0024_clips.sql)
2026-09-09 08:10:10,729 INFO applying index migration 0025 (0025_source_type_backfill.sql)
2026-09-09 08:10:10,731 INFO applying index migration 0026 (0026_provenance_precedence.sql)
2026-09-09 08:10:10,733 INFO applying index migration 0027 (0027_library_substrate.sql)
2026-09-09 08:10:10,735 INFO applying index migration 0028 (0028_source_subscriptions.sql)
2026-09-09 08:10:10,739 INFO applying index migration 0030 (0030_media_depth.sql)
2026-09-09 08:10:10,762 ERROR mirror ledger update failed for capture
Traceback (most recent call last):
  File "E:\AI\projects\uoink\checkouts\Yoink-library\library_mirror.py", line 1595, in launch
    proc = subprocess.Popen(
        [sys.executable, "-B", worker],
        **kwargs,
    )
  File "C:\Python314\Lib\subprocess.py", line 1039, in __init__
    self._execute_child(args, executable, preexec_fn, close_fds,
    ~~~~~~~~~~~~~~~~~~~^^^^^^^^^^^^^^^^^^^^^^^^^^^^^^^^^^^^^^^^^
                        pass_fds, cwd, env,
                        ^^^^^^^^^^^^^^^^^^^
    ...<5 lines>...
                        gid, gids, uid, umask,
                        ^^^^^^^^^^^^^^^^^^^^^^
                        start_new_session, process_group)
                        ^^^^^^^^^^^^^^^^^^^^^^^^^^^^^^^^^
  File "C:\Python314\Lib\subprocess.py", line 1549, in _execute_child
    sys.audit("subprocess.Popen", executable, args, cwd, env)
    ~~~~~~~~~^^^^^^^^^^^^^^^^^^^^^^^^^^^^^^^^^^^^^^^^^^^^^^^^
  File "E:\AI\projects\uoink\checkouts\Yoink-library\tests\library_work_astra\run_phase3_companions.py", line 84, in audit
    deny(event, args[0])
    ~~~~^^^^^^^^^^^^^^^^
  File "E:\AI\projects\uoink\checkouts\Yoink-library\tests\library_work_astra\run_phase3_companions.py", line 53, in deny
    raise AssertionError('AS6 blocked ' + event + ': ' + str(detail))
AssertionError: AS6 blocked subprocess.Popen: None

The above exception was the direct cause of the following exception:

Traceback (most recent call last):
  File "E:\AI\projects\uoink\checkouts\Yoink-library\library_mirror.py", line 2212, in on_committed_event
    self._record_event(kind, video_id=video_id, shelf_id=shelf_id, brief_hash=brief_hash)
    ~~~~~~~~~~~~~~~~~~^^^^^^^^^^^^^^^^^^^^^^^^^^^^^^^^^^^^^^^^^^^^^^^^^^^^^^^^^^^^^^^^^^^
  File "E:\AI\projects\uoink\checkouts\Yoink-library\library_mirror.py", line 3026, in _record_event
    self._save_ledger(ledger)
    ~~~~~~~~~~~~~~~~~^^^^^^^^
  File "E:\AI\projects\uoink\checkouts\Yoink-library\library_mirror.py", line 2789, in _save_ledger
    self._atomic_local(path, payload)
    ~~~~~~~~~~~~~~~~~~^^^^^^^^^^^^^^^
  File "E:\AI\projects\uoink\checkouts\Yoink-library\library_mirror.py", line 2874, in _atomic_local
    _with_isolated_lease_session(
    ~~~~~~~~~~~~~~~~~~~~~~~~~~~~^
        dest, lambda sess: sess.local_put(str(path), data),
        ^^^^^^^^^^^^^^^^^^^^^^^^^^^^^^^^^^^^^^^^^^^^^^^^^^^
    )
    ^
  File "E:\AI\projects\uoink\checkouts\Yoink-library\library_mirror.py", line 805, in _with_isolated_lease_session
    session = _VaultIoSession.start(dest)
  File "E:\AI\projects\uoink\checkouts\Yoink-library\library_mirror.py", line 1526, in start
    session.launch()
    ~~~~~~~~~~~~~~^^
  File "E:\AI\projects\uoink\checkouts\Yoink-library\library_mirror.py", line 1607, in launch
    raise OSError("vault io worker failed to start") from exc
OSError: vault io worker failed to start
F2026-09-09 08:10:10,793 INFO applying index migration 0001 (0001_initial_schema.sql)
2026-09-09 08:10:10,798 INFO applying index migration 0002 (0002_entity_graph.sql)
2026-09-09 08:10:10,800 INFO applying index migration 0003 (0003_taxonomy_corrections.sql)
2026-09-09 08:10:10,801 INFO applying index migration 0004 (0004_memory_indexes.sql)
2026-09-09 08:10:10,804 INFO applying index migration 0005 (0005_pending_yoinks.sql)
2026-09-09 08:10:10,806 INFO applying index migration 0006 (0006_v2_schema.sql)
2026-09-09 08:10:10,808 INFO applying index migration 0007 (0007_p4_workspaces.sql)
2026-09-09 08:10:10,810 INFO applying index migration 0008 (0008_a2_claims.sql)
2026-09-09 08:10:10,813 INFO applying index migration 0009 (0009_p5_scripts.sql)
2026-09-09 08:10:10,814 INFO applying index migration 0010 (0010_podcast_feeds.sql)
2026-09-09 08:10:10,816 INFO applying index migration 0011 (0011_podcast_audio.sql)
2026-09-09 08:10:10,818 INFO applying index migration 0012 (0012_whisper_transcripts.sql)
2026-09-09 08:10:10,822 INFO applying index migration 0013 (0013_monitored_playlists.sql)
2026-09-09 08:10:10,823 INFO applying index migration 0014 (0014_writing_studio.sql)
2026-09-09 08:10:10,825 INFO applying index migration 0015 (0015_universal_site.sql)
2026-09-09 08:10:10,827 INFO applying index migration 0016 (0016_default_style_anchors.sql)
2026-09-09 08:10:10,830 INFO applying index migration 0017 (0017_pending_long_video_mode.sql)
2026-09-09 08:10:10,832 INFO applying index migration 0018 (0018_writing_drafts.sql)
2026-09-09 08:10:10,834 INFO applying index migration 0019 (0019_auto_uoink.sql)
2026-09-09 08:10:10,836 INFO applying index migration 0020 (0020_platform_author.sql)
2026-09-09 08:10:10,839 INFO applying index migration 0021 (0021_suite_engagement.sql)
2026-09-09 08:10:10,841 INFO applying index migration 0022 (0022_podcast_corpus.sql)
2026-09-09 08:10:10,844 INFO applying index migration 0023 (0023_podcast_watch.sql)
2026-09-09 08:10:10,846 INFO applying index migration 0024 (0024_clips.sql)
2026-09-09 08:10:10,849 INFO applying index migration 0025 (0025_source_type_backfill.sql)
2026-09-09 08:10:10,851 INFO applying index migration 0026 (0026_provenance_precedence.sql)
2026-09-09 08:10:10,852 INFO applying index migration 0027 (0027_library_substrate.sql)
2026-09-09 08:10:10,856 INFO applying index migration 0028 (0028_source_subscriptions.sql)
2026-09-09 08:10:10,859 INFO applying index migration 0030 (0030_media_depth.sql)
2026-09-09 08:10:10,881 ERROR mirror ledger update failed for capture
Traceback (most recent call last):
  File "E:\AI\projects\uoink\checkouts\Yoink-library\library_mirror.py", line 1595, in launch
    proc = subprocess.Popen(
        [sys.executable, "-B", worker],
        **kwargs,
    )
  File "C:\Python314\Lib\subprocess.py", line 1039, in __init__
    self._execute_child(args, executable, preexec_fn, close_fds,
    ~~~~~~~~~~~~~~~~~~~^^^^^^^^^^^^^^^^^^^^^^^^^^^^^^^^^^^^^^^^^
                        pass_fds, cwd, env,
                        ^^^^^^^^^^^^^^^^^^^
    ...<5 lines>...
                        gid, gids, uid, umask,
                        ^^^^^^^^^^^^^^^^^^^^^^
                        start_new_session, process_group)
                        ^^^^^^^^^^^^^^^^^^^^^^^^^^^^^^^^^
  File "C:\Python314\Lib\subprocess.py", line 1549, in _execute_child
    sys.audit("subprocess.Popen", executable, args, cwd, env)
    ~~~~~~~~~^^^^^^^^^^^^^^^^^^^^^^^^^^^^^^^^^^^^^^^^^^^^^^^^
  File "E:\AI\projects\uoink\checkouts\Yoink-library\tests\library_work_astra\run_phase3_companions.py", line 84, in audit
    deny(event, args[0])
    ~~~~^^^^^^^^^^^^^^^^
  File "E:\AI\projects\uoink\checkouts\Yoink-library\tests\library_work_astra\run_phase3_companions.py", line 53, in deny
    raise AssertionError('AS6 blocked ' + event + ': ' + str(detail))
AssertionError: AS6 blocked subprocess.Popen: None

The above exception was the direct cause of the following exception:

Traceback (most recent call last):
  File "E:\AI\projects\uoink\checkouts\Yoink-library\library_mirror.py", line 2212, in on_committed_event
    self._record_event(kind, video_id=video_id, shelf_id=shelf_id, brief_hash=brief_hash)
    ~~~~~~~~~~~~~~~~~~^^^^^^^^^^^^^^^^^^^^^^^^^^^^^^^^^^^^^^^^^^^^^^^^^^^^^^^^^^^^^^^^^^^
  File "E:\AI\projects\uoink\checkouts\Yoink-library\library_mirror.py", line 3026, in _record_event
    self._save_ledger(ledger)
    ~~~~~~~~~~~~~~~~~^^^^^^^^
  File "E:\AI\projects\uoink\checkouts\Yoink-library\library_mirror.py", line 2789, in _save_ledger
    self._atomic_local(path, payload)
    ~~~~~~~~~~~~~~~~~~^^^^^^^^^^^^^^^
  File "E:\AI\projects\uoink\checkouts\Yoink-library\library_mirror.py", line 2874, in _atomic_local
    _with_isolated_lease_session(
    ~~~~~~~~~~~~~~~~~~~~~~~~~~~~^
        dest, lambda sess: sess.local_put(str(path), data),
        ^^^^^^^^^^^^^^^^^^^^^^^^^^^^^^^^^^^^^^^^^^^^^^^^^^^
    )
    ^
  File "E:\AI\projects\uoink\checkouts\Yoink-library\library_mirror.py", line 805, in _with_isolated_lease_session
    session = _VaultIoSession.start(dest)
  File "E:\AI\projects\uoink\checkouts\Yoink-library\library_mirror.py", line 1526, in start
    session.launch()
    ~~~~~~~~~~~~~~^^
  File "E:\AI\projects\uoink\checkouts\Yoink-library\library_mirror.py", line 1607, in launch
    raise OSError("vault io worker failed to start") from exc
OSError: vault io worker failed to start
2026-09-09 08:10:10,884 ERROR mirror ledger update failed for capture
Traceback (most recent call last):
  File "E:\AI\projects\uoink\checkouts\Yoink-library\library_mirror.py", line 1595, in launch
    proc = subprocess.Popen(
        [sys.executable, "-B", worker],
        **kwargs,
    )
  File "C:\Python314\Lib\subprocess.py", line 1039, in __init__
    self._execute_child(args, executable, preexec_fn, close_fds,
    ~~~~~~~~~~~~~~~~~~~^^^^^^^^^^^^^^^^^^^^^^^^^^^^^^^^^^^^^^^^^
                        pass_fds, cwd, env,
                        ^^^^^^^^^^^^^^^^^^^
    ...<5 lines>...
                        gid, gids, uid, umask,
                        ^^^^^^^^^^^^^^^^^^^^^^
                        start_new_session, process_group)
                        ^^^^^^^^^^^^^^^^^^^^^^^^^^^^^^^^^
  File "C:\Python314\Lib\subprocess.py", line 1549, in _execute_child
    sys.audit("subprocess.Popen", executable, args, cwd, env)
    ~~~~~~~~~^^^^^^^^^^^^^^^^^^^^^^^^^^^^^^^^^^^^^^^^^^^^^^^^
  File "E:\AI\projects\uoink\checkouts\Yoink-library\tests\library_work_astra\run_phase3_companions.py", line 84, in audit
    deny(event, args[0])
    ~~~~^^^^^^^^^^^^^^^^
  File "E:\AI\projects\uoink\checkouts\Yoink-library\tests\library_work_astra\run_phase3_companions.py", line 53, in deny
    raise AssertionError('AS6 blocked ' + event + ': ' + str(detail))
AssertionError: AS6 blocked subprocess.Popen: None

The above exception was the direct cause of the following exception:

Traceback (most recent call last):
  File "E:\AI\projects\uoink\checkouts\Yoink-library\library_mirror.py", line 2212, in on_committed_event
    self._record_event(kind, video_id=video_id, shelf_id=shelf_id, brief_hash=brief_hash)
    ~~~~~~~~~~~~~~~~~~^^^^^^^^^^^^^^^^^^^^^^^^^^^^^^^^^^^^^^^^^^^^^^^^^^^^^^^^^^^^^^^^^^^
  File "E:\AI\projects\uoink\checkouts\Yoink-library\library_mirror.py", line 3026, in _record_event
    self._save_ledger(ledger)
    ~~~~~~~~~~~~~~~~~^^^^^^^^
  File "E:\AI\projects\uoink\checkouts\Yoink-library\library_mirror.py", line 2789, in _save_ledger
    self._atomic_local(path, payload)
    ~~~~~~~~~~~~~~~~~~^^^^^^^^^^^^^^^
  File "E:\AI\projects\uoink\checkouts\Yoink-library\library_mirror.py", line 2874, in _atomic_local
    _with_isolated_lease_session(
    ~~~~~~~~~~~~~~~~~~~~~~~~~~~~^
        dest, lambda sess: sess.local_put(str(path), data),
        ^^^^^^^^^^^^^^^^^^^^^^^^^^^^^^^^^^^^^^^^^^^^^^^^^^^
    )
    ^
  File "E:\AI\projects\uoink\checkouts\Yoink-library\library_mirror.py", line 805, in _with_isolated_lease_session
    session = _VaultIoSession.start(dest)
  File "E:\AI\projects\uoink\checkouts\Yoink-library\library_mirror.py", line 1526, in start
    session.launch()
    ~~~~~~~~~~~~~~^^
  File "E:\AI\projects\uoink\checkouts\Yoink-library\library_mirror.py", line 1607, in launch
    raise OSError("vault io worker failed to start") from exc
OSError: vault io worker failed to start
F2026-09-09 08:10:10,913 INFO applying index migration 0001 (0001_initial_schema.sql)
2026-09-09 08:10:10,918 INFO applying index migration 0002 (0002_entity_graph.sql)
2026-09-09 08:10:10,920 INFO applying index migration 0003 (0003_taxonomy_corrections.sql)
2026-09-09 08:10:10,922 INFO applying index migration 0004 (0004_memory_indexes.sql)
2026-09-09 08:10:10,924 INFO applying index migration 0005 (0005_pending_yoinks.sql)
2026-09-09 08:10:10,926 INFO applying index migration 0006 (0006_v2_schema.sql)
2026-09-09 08:10:10,929 INFO applying index migration 0007 (0007_p4_workspaces.sql)
2026-09-09 08:10:10,930 INFO applying index migration 0008 (0008_a2_claims.sql)
2026-09-09 08:10:10,933 INFO applying index migration 0009 (0009_p5_scripts.sql)
2026-09-09 08:10:10,935 INFO applying index migration 0010 (0010_podcast_feeds.sql)
2026-09-09 08:10:10,936 INFO applying index migration 0011 (0011_podcast_audio.sql)
2026-09-09 08:10:10,939 INFO applying index migration 0012 (0012_whisper_transcripts.sql)
2026-09-09 08:10:10,943 INFO applying index migration 0013 (0013_monitored_playlists.sql)
2026-09-09 08:10:10,944 INFO applying index migration 0014 (0014_writing_studio.sql)
2026-09-09 08:10:10,946 INFO applying index migration 0015 (0015_universal_site.sql)
2026-09-09 08:10:10,948 INFO applying index migration 0016 (0016_default_style_anchors.sql)
2026-09-09 08:10:10,951 INFO applying index migration 0017 (0017_pending_long_video_mode.sql)
2026-09-09 08:10:10,953 INFO applying index migration 0018 (0018_writing_drafts.sql)
2026-09-09 08:10:10,954 INFO applying index migration 0019 (0019_auto_uoink.sql)
2026-09-09 08:10:10,956 INFO applying index migration 0020 (0020_platform_author.sql)
2026-09-09 08:10:10,960 INFO applying index migration 0021 (0021_suite_engagement.sql)
2026-09-09 08:10:10,962 INFO applying index migration 0022 (0022_podcast_corpus.sql)
2026-09-09 08:10:10,965 INFO applying index migration 0023 (0023_podcast_watch.sql)
2026-09-09 08:10:10,967 INFO applying index migration 0024 (0024_clips.sql)
2026-09-09 08:10:10,970 INFO applying index migration 0025 (0025_source_type_backfill.sql)
2026-09-09 08:10:10,972 INFO applying index migration 0026 (0026_provenance_precedence.sql)
2026-09-09 08:10:10,974 INFO applying index migration 0027 (0027_library_substrate.sql)
2026-09-09 08:10:10,976 INFO applying index migration 0028 (0028_source_subscriptions.sql)
2026-09-09 08:10:10,980 INFO applying index migration 0030 (0030_media_depth.sql)
2026-09-09 08:10:11,036 ERROR mirror ledger update failed for brief_published
Traceback (most recent call last):
  File "E:\AI\projects\uoink\checkouts\Yoink-library\library_mirror.py", line 1595, in launch
    proc = subprocess.Popen(
        [sys.executable, "-B", worker],
        **kwargs,
    )
  File "C:\Python314\Lib\subprocess.py", line 1039, in __init__
    self._execute_child(args, executable, preexec_fn, close_fds,
    ~~~~~~~~~~~~~~~~~~~^^^^^^^^^^^^^^^^^^^^^^^^^^^^^^^^^^^^^^^^^
                        pass_fds, cwd, env,
                        ^^^^^^^^^^^^^^^^^^^
    ...<5 lines>...
                        gid, gids, uid, umask,
                        ^^^^^^^^^^^^^^^^^^^^^^
                        start_new_session, process_group)
                        ^^^^^^^^^^^^^^^^^^^^^^^^^^^^^^^^^
  File "C:\Python314\Lib\subprocess.py", line 1549, in _execute_child
    sys.audit("subprocess.Popen", executable, args, cwd, env)
    ~~~~~~~~~^^^^^^^^^^^^^^^^^^^^^^^^^^^^^^^^^^^^^^^^^^^^^^^^
  File "E:\AI\projects\uoink\checkouts\Yoink-library\tests\library_work_astra\run_phase3_companions.py", line 84, in audit
    deny(event, args[0])
    ~~~~^^^^^^^^^^^^^^^^
  File "E:\AI\projects\uoink\checkouts\Yoink-library\tests\library_work_astra\run_phase3_companions.py", line 53, in deny
    raise AssertionError('AS6 blocked ' + event + ': ' + str(detail))
AssertionError: AS6 blocked subprocess.Popen: None

The above exception was the direct cause of the following exception:

Traceback (most recent call last):
  File "E:\AI\projects\uoink\checkouts\Yoink-library\library_mirror.py", line 2212, in on_committed_event
    self._record_event(kind, video_id=video_id, shelf_id=shelf_id, brief_hash=brief_hash)
    ~~~~~~~~~~~~~~~~~~^^^^^^^^^^^^^^^^^^^^^^^^^^^^^^^^^^^^^^^^^^^^^^^^^^^^^^^^^^^^^^^^^^^
  File "E:\AI\projects\uoink\checkouts\Yoink-library\library_mirror.py", line 3026, in _record_event
    self._save_ledger(ledger)
    ~~~~~~~~~~~~~~~~~^^^^^^^^
  File "E:\AI\projects\uoink\checkouts\Yoink-library\library_mirror.py", line 2789, in _save_ledger
    self._atomic_local(path, payload)
    ~~~~~~~~~~~~~~~~~~^^^^^^^^^^^^^^^
  File "E:\AI\projects\uoink\checkouts\Yoink-library\library_mirror.py", line 2874, in _atomic_local
    _with_isolated_lease_session(
    ~~~~~~~~~~~~~~~~~~~~~~~~~~~~^
        dest, lambda sess: sess.local_put(str(path), data),
        ^^^^^^^^^^^^^^^^^^^^^^^^^^^^^^^^^^^^^^^^^^^^^^^^^^^
    )
    ^
  File "E:\AI\projects\uoink\checkouts\Yoink-library\library_mirror.py", line 805, in _with_isolated_lease_session
    session = _VaultIoSession.start(dest)
  File "E:\AI\projects\uoink\checkouts\Yoink-library\library_mirror.py", line 1526, in start
    session.launch()
    ~~~~~~~~~~~~~~^^
  File "E:\AI\projects\uoink\checkouts\Yoink-library\library_mirror.py", line 1607, in launch
    raise OSError("vault io worker failed to start") from exc
OSError: vault io worker failed to start
.2026-09-09 08:10:11,055 INFO applying index migration 0001 (0001_initial_schema.sql)
2026-09-09 08:10:11,059 INFO applying index migration 0002 (0002_entity_graph.sql)
2026-09-09 08:10:11,061 INFO applying index migration 0003 (0003_taxonomy_corrections.sql)
2026-09-09 08:10:11,063 INFO applying index migration 0004 (0004_memory_indexes.sql)
2026-09-09 08:10:11,065 INFO applying index migration 0005 (0005_pending_yoinks.sql)
2026-09-09 08:10:11,066 INFO applying index migration 0006 (0006_v2_schema.sql)
2026-09-09 08:10:11,070 INFO applying index migration 0007 (0007_p4_workspaces.sql)
2026-09-09 08:10:11,071 INFO applying index migration 0008 (0008_a2_claims.sql)
2026-09-09 08:10:11,073 INFO applying index migration 0009 (0009_p5_scripts.sql)
2026-09-09 08:10:11,074 INFO applying index migration 0010 (0010_podcast_feeds.sql)
2026-09-09 08:10:11,077 INFO applying index migration 0011 (0011_podcast_audio.sql)
2026-09-09 08:10:11,080 INFO applying index migration 0012 (0012_whisper_transcripts.sql)
2026-09-09 08:10:11,083 INFO applying index migration 0013 (0013_monitored_playlists.sql)
2026-09-09 08:10:11,084 INFO applying index migration 0014 (0014_writing_studio.sql)
2026-09-09 08:10:11,087 INFO applying index migration 0015 (0015_universal_site.sql)
2026-09-09 08:10:11,089 INFO applying index migration 0016 (0016_default_style_anchors.sql)
2026-09-09 08:10:11,090 INFO applying index migration 0017 (0017_pending_long_video_mode.sql)
2026-09-09 08:10:11,092 INFO applying index migration 0018 (0018_writing_drafts.sql)
2026-09-09 08:10:11,095 INFO applying index migration 0019 (0019_auto_uoink.sql)
2026-09-09 08:10:11,097 INFO applying index migration 0020 (0020_platform_author.sql)
2026-09-09 08:10:11,099 INFO applying index migration 0021 (0021_suite_engagement.sql)
2026-09-09 08:10:11,101 INFO applying index migration 0022 (0022_podcast_corpus.sql)
2026-09-09 08:10:11,105 INFO applying index migration 0023 (0023_podcast_watch.sql)
2026-09-09 08:10:11,107 INFO applying index migration 0024 (0024_clips.sql)
2026-09-09 08:10:11,109 INFO applying index migration 0025 (0025_source_type_backfill.sql)
2026-09-09 08:10:11,110 INFO applying index migration 0026 (0026_provenance_precedence.sql)
2026-09-09 08:10:11,113 INFO applying index migration 0027 (0027_library_substrate.sql)
2026-09-09 08:10:11,117 INFO applying index migration 0028 (0028_source_subscriptions.sql)
2026-09-09 08:10:11,119 INFO applying index migration 0030 (0030_media_depth.sql)
2026-09-09 08:10:11,176 ERROR mirror ledger update failed for brief_published
Traceback (most recent call last):
  File "E:\AI\projects\uoink\checkouts\Yoink-library\library_mirror.py", line 1595, in launch
    proc = subprocess.Popen(
        [sys.executable, "-B", worker],
        **kwargs,
    )
  File "C:\Python314\Lib\subprocess.py", line 1039, in __init__
    self._execute_child(args, executable, preexec_fn, close_fds,
    ~~~~~~~~~~~~~~~~~~~^^^^^^^^^^^^^^^^^^^^^^^^^^^^^^^^^^^^^^^^^
                        pass_fds, cwd, env,
                        ^^^^^^^^^^^^^^^^^^^
    ...<5 lines>...
                        gid, gids, uid, umask,
                        ^^^^^^^^^^^^^^^^^^^^^^
                        start_new_session, process_group)
                        ^^^^^^^^^^^^^^^^^^^^^^^^^^^^^^^^^
  File "C:\Python314\Lib\subprocess.py", line 1549, in _execute_child
    sys.audit("subprocess.Popen", executable, args, cwd, env)
    ~~~~~~~~~^^^^^^^^^^^^^^^^^^^^^^^^^^^^^^^^^^^^^^^^^^^^^^^^
  File "E:\AI\projects\uoink\checkouts\Yoink-library\tests\library_work_astra\run_phase3_companions.py", line 84, in audit
    deny(event, args[0])
    ~~~~^^^^^^^^^^^^^^^^
  File "E:\AI\projects\uoink\checkouts\Yoink-library\tests\library_work_astra\run_phase3_companions.py", line 53, in deny
    raise AssertionError('AS6 blocked ' + event + ': ' + str(detail))
AssertionError: AS6 blocked subprocess.Popen: None

The above exception was the direct cause of the following exception:

Traceback (most recent call last):
  File "E:\AI\projects\uoink\checkouts\Yoink-library\library_mirror.py", line 2212, in on_committed_event
    self._record_event(kind, video_id=video_id, shelf_id=shelf_id, brief_hash=brief_hash)
    ~~~~~~~~~~~~~~~~~~^^^^^^^^^^^^^^^^^^^^^^^^^^^^^^^^^^^^^^^^^^^^^^^^^^^^^^^^^^^^^^^^^^^
  File "E:\AI\projects\uoink\checkouts\Yoink-library\library_mirror.py", line 3026, in _record_event
    self._save_ledger(ledger)
    ~~~~~~~~~~~~~~~~~^^^^^^^^
  File "E:\AI\projects\uoink\checkouts\Yoink-library\library_mirror.py", line 2789, in _save_ledger
    self._atomic_local(path, payload)
    ~~~~~~~~~~~~~~~~~~^^^^^^^^^^^^^^^
  File "E:\AI\projects\uoink\checkouts\Yoink-library\library_mirror.py", line 2874, in _atomic_local
    _with_isolated_lease_session(
    ~~~~~~~~~~~~~~~~~~~~~~~~~~~~^
        dest, lambda sess: sess.local_put(str(path), data),
        ^^^^^^^^^^^^^^^^^^^^^^^^^^^^^^^^^^^^^^^^^^^^^^^^^^^
    )
    ^
  File "E:\AI\projects\uoink\checkouts\Yoink-library\library_mirror.py", line 805, in _with_isolated_lease_session
    session = _VaultIoSession.start(dest)
  File "E:\AI\projects\uoink\checkouts\Yoink-library\library_mirror.py", line 1526, in start
    session.launch()
    ~~~~~~~~~~~~~~^^
  File "E:\AI\projects\uoink\checkouts\Yoink-library\library_mirror.py", line 1607, in launch
    raise OSError("vault io worker failed to start") from exc
OSError: vault io worker failed to start
F2026-09-09 08:10:11,203 INFO applying index migration 0001 (0001_initial_schema.sql)
2026-09-09 08:10:11,208 INFO applying index migration 0002 (0002_entity_graph.sql)
2026-09-09 08:10:11,210 INFO applying index migration 0003 (0003_taxonomy_corrections.sql)
2026-09-09 08:10:11,212 INFO applying index migration 0004 (0004_memory_indexes.sql)
2026-09-09 08:10:11,214 INFO applying index migration 0005 (0005_pending_yoinks.sql)
2026-09-09 08:10:11,216 INFO applying index migration 0006 (0006_v2_schema.sql)
2026-09-09 08:10:11,218 INFO applying index migration 0007 (0007_p4_workspaces.sql)
2026-09-09 08:10:11,220 INFO applying index migration 0008 (0008_a2_claims.sql)
2026-09-09 08:10:11,223 INFO applying index migration 0009 (0009_p5_scripts.sql)
2026-09-09 08:10:11,224 INFO applying index migration 0010 (0010_podcast_feeds.sql)
2026-09-09 08:10:11,226 INFO applying index migration 0011 (0011_podcast_audio.sql)
2026-09-09 08:10:11,228 INFO applying index migration 0012 (0012_whisper_transcripts.sql)
2026-09-09 08:10:11,232 INFO applying index migration 0013 (0013_monitored_playlists.sql)
2026-09-09 08:10:11,233 INFO applying index migration 0014 (0014_writing_studio.sql)
2026-09-09 08:10:11,235 INFO applying index migration 0015 (0015_universal_site.sql)
2026-09-09 08:10:11,237 INFO applying index migration 0016 (0016_default_style_anchors.sql)
2026-09-09 08:10:11,240 INFO applying index migration 0017 (0017_pending_long_video_mode.sql)
2026-09-09 08:10:11,242 INFO applying index migration 0018 (0018_writing_drafts.sql)
2026-09-09 08:10:11,243 INFO applying index migration 0019 (0019_auto_uoink.sql)
2026-09-09 08:10:11,245 INFO applying index migration 0020 (0020_platform_author.sql)
2026-09-09 08:10:11,249 INFO applying index migration 0021 (0021_suite_engagement.sql)
2026-09-09 08:10:11,251 INFO applying index migration 0022 (0022_podcast_corpus.sql)
2026-09-09 08:10:11,253 INFO applying index migration 0023 (0023_podcast_watch.sql)
2026-09-09 08:10:11,256 INFO applying index migration 0024 (0024_clips.sql)
2026-09-09 08:10:11,259 INFO applying index migration 0025 (0025_source_type_backfill.sql)
2026-09-09 08:10:11,261 INFO applying index migration 0026 (0026_provenance_precedence.sql)
2026-09-09 08:10:11,263 INFO applying index migration 0027 (0027_library_substrate.sql)
2026-09-09 08:10:11,266 INFO applying index migration 0028 (0028_source_subscriptions.sql)
2026-09-09 08:10:11,269 INFO applying index migration 0030 (0030_media_depth.sql)
2026-09-09 08:10:11,292 ERROR mirror ledger update failed for capture
Traceback (most recent call last):
  File "E:\AI\projects\uoink\checkouts\Yoink-library\library_mirror.py", line 1595, in launch
    proc = subprocess.Popen(
        [sys.executable, "-B", worker],
        **kwargs,
    )
  File "C:\Python314\Lib\subprocess.py", line 1039, in __init__
    self._execute_child(args, executable, preexec_fn, close_fds,
    ~~~~~~~~~~~~~~~~~~~^^^^^^^^^^^^^^^^^^^^^^^^^^^^^^^^^^^^^^^^^
                        pass_fds, cwd, env,
                        ^^^^^^^^^^^^^^^^^^^
    ...<5 lines>...
                        gid, gids, uid, umask,
                        ^^^^^^^^^^^^^^^^^^^^^^
                        start_new_session, process_group)
                        ^^^^^^^^^^^^^^^^^^^^^^^^^^^^^^^^^
  File "C:\Python314\Lib\subprocess.py", line 1549, in _execute_child
    sys.audit("subprocess.Popen", executable, args, cwd, env)
    ~~~~~~~~~^^^^^^^^^^^^^^^^^^^^^^^^^^^^^^^^^^^^^^^^^^^^^^^^
  File "E:\AI\projects\uoink\checkouts\Yoink-library\tests\library_work_astra\run_phase3_companions.py", line 84, in audit
    deny(event, args[0])
    ~~~~^^^^^^^^^^^^^^^^
  File "E:\AI\projects\uoink\checkouts\Yoink-library\tests\library_work_astra\run_phase3_companions.py", line 53, in deny
    raise AssertionError('AS6 blocked ' + event + ': ' + str(detail))
AssertionError: AS6 blocked subprocess.Popen: None

The above exception was the direct cause of the following exception:

Traceback (most recent call last):
  File "E:\AI\projects\uoink\checkouts\Yoink-library\library_mirror.py", line 2212, in on_committed_event
    self._record_event(kind, video_id=video_id, shelf_id=shelf_id, brief_hash=brief_hash)
    ~~~~~~~~~~~~~~~~~~^^^^^^^^^^^^^^^^^^^^^^^^^^^^^^^^^^^^^^^^^^^^^^^^^^^^^^^^^^^^^^^^^^^
  File "E:\AI\projects\uoink\checkouts\Yoink-library\library_mirror.py", line 3026, in _record_event
    self._save_ledger(ledger)
    ~~~~~~~~~~~~~~~~~^^^^^^^^
  File "E:\AI\projects\uoink\checkouts\Yoink-library\library_mirror.py", line 2789, in _save_ledger
    self._atomic_local(path, payload)
    ~~~~~~~~~~~~~~~~~~^^^^^^^^^^^^^^^
  File "E:\AI\projects\uoink\checkouts\Yoink-library\library_mirror.py", line 2874, in _atomic_local
    _with_isolated_lease_session(
    ~~~~~~~~~~~~~~~~~~~~~~~~~~~~^
        dest, lambda sess: sess.local_put(str(path), data),
        ^^^^^^^^^^^^^^^^^^^^^^^^^^^^^^^^^^^^^^^^^^^^^^^^^^^
    )
    ^
  File "E:\AI\projects\uoink\checkouts\Yoink-library\library_mirror.py", line 805, in _with_isolated_lease_session
    session = _VaultIoSession.start(dest)
  File "E:\AI\projects\uoink\checkouts\Yoink-library\library_mirror.py", line 1526, in start
    session.launch()
    ~~~~~~~~~~~~~~^^
  File "E:\AI\projects\uoink\checkouts\Yoink-library\library_mirror.py", line 1607, in launch
    raise OSError("vault io worker failed to start") from exc
OSError: vault io worker failed to start
F2026-09-09 08:10:11,323 INFO applying index migration 0001 (0001_initial_schema.sql)
2026-09-09 08:10:11,328 INFO applying index migration 0002 (0002_entity_graph.sql)
2026-09-09 08:10:11,330 INFO applying index migration 0003 (0003_taxonomy_corrections.sql)
2026-09-09 08:10:11,332 INFO applying index migration 0004 (0004_memory_indexes.sql)
2026-09-09 08:10:11,334 INFO applying index migration 0005 (0005_pending_yoinks.sql)
2026-09-09 08:10:11,336 INFO applying index migration 0006 (0006_v2_schema.sql)
2026-09-09 08:10:11,338 INFO applying index migration 0007 (0007_p4_workspaces.sql)
2026-09-09 08:10:11,340 INFO applying index migration 0008 (0008_a2_claims.sql)
2026-09-09 08:10:11,342 INFO applying index migration 0009 (0009_p5_scripts.sql)
2026-09-09 08:10:11,344 INFO applying index migration 0010 (0010_podcast_feeds.sql)
2026-09-09 08:10:11,345 INFO applying index migration 0011 (0011_podcast_audio.sql)
2026-09-09 08:10:11,348 INFO applying index migration 0012 (0012_whisper_transcripts.sql)
2026-09-09 08:10:11,352 INFO applying index migration 0013 (0013_monitored_playlists.sql)
2026-09-09 08:10:11,353 INFO applying index migration 0014 (0014_writing_studio.sql)
2026-09-09 08:10:11,355 INFO applying index migration 0015 (0015_universal_site.sql)
2026-09-09 08:10:11,357 INFO applying index migration 0016 (0016_default_style_anchors.sql)
2026-09-09 08:10:11,360 INFO applying index migration 0017 (0017_pending_long_video_mode.sql)
2026-09-09 08:10:11,361 INFO applying index migration 0018 (0018_writing_drafts.sql)
2026-09-09 08:10:11,363 INFO applying index migration 0019 (0019_auto_uoink.sql)
2026-09-09 08:10:11,365 INFO applying index migration 0020 (0020_platform_author.sql)
2026-09-09 08:10:11,368 INFO applying index migration 0021 (0021_suite_engagement.sql)
2026-09-09 08:10:11,370 INFO applying index migration 0022 (0022_podcast_corpus.sql)
2026-09-09 08:10:11,373 INFO applying index migration 0023 (0023_podcast_watch.sql)
2026-09-09 08:10:11,375 INFO applying index migration 0024 (0024_clips.sql)
2026-09-09 08:10:11,378 INFO applying index migration 0025 (0025_source_type_backfill.sql)
2026-09-09 08:10:11,379 INFO applying index migration 0026 (0026_provenance_precedence.sql)
2026-09-09 08:10:11,381 INFO applying index migration 0027 (0027_library_substrate.sql)
2026-09-09 08:10:11,384 INFO applying index migration 0028 (0028_source_subscriptions.sql)
2026-09-09 08:10:11,388 INFO applying index migration 0030 (0030_media_depth.sql)
2026-09-09 08:10:11,409 ERROR mirror ledger update failed for capture
Traceback (most recent call last):
  File "E:\AI\projects\uoink\checkouts\Yoink-library\library_mirror.py", line 1595, in launch
    proc = subprocess.Popen(
        [sys.executable, "-B", worker],
        **kwargs,
    )
  File "C:\Python314\Lib\subprocess.py", line 1039, in __init__
    self._execute_child(args, executable, preexec_fn, close_fds,
    ~~~~~~~~~~~~~~~~~~~^^^^^^^^^^^^^^^^^^^^^^^^^^^^^^^^^^^^^^^^^
                        pass_fds, cwd, env,
                        ^^^^^^^^^^^^^^^^^^^
    ...<5 lines>...
                        gid, gids, uid, umask,
                        ^^^^^^^^^^^^^^^^^^^^^^
                        start_new_session, process_group)
                        ^^^^^^^^^^^^^^^^^^^^^^^^^^^^^^^^^
  File "C:\Python314\Lib\subprocess.py", line 1549, in _execute_child
    sys.audit("subprocess.Popen", executable, args, cwd, env)
    ~~~~~~~~~^^^^^^^^^^^^^^^^^^^^^^^^^^^^^^^^^^^^^^^^^^^^^^^^
  File "E:\AI\projects\uoink\checkouts\Yoink-library\tests\library_work_astra\run_phase3_companions.py", line 84, in audit
    deny(event, args[0])
    ~~~~^^^^^^^^^^^^^^^^
  File "E:\AI\projects\uoink\checkouts\Yoink-library\tests\library_work_astra\run_phase3_companions.py", line 53, in deny
    raise AssertionError('AS6 blocked ' + event + ': ' + str(detail))
AssertionError: AS6 blocked subprocess.Popen: None

The above exception was the direct cause of the following exception:

Traceback (most recent call last):
  File "E:\AI\projects\uoink\checkouts\Yoink-library\library_mirror.py", line 2212, in on_committed_event
    self._record_event(kind, video_id=video_id, shelf_id=shelf_id, brief_hash=brief_hash)
    ~~~~~~~~~~~~~~~~~~^^^^^^^^^^^^^^^^^^^^^^^^^^^^^^^^^^^^^^^^^^^^^^^^^^^^^^^^^^^^^^^^^^^
  File "E:\AI\projects\uoink\checkouts\Yoink-library\library_mirror.py", line 3026, in _record_event
    self._save_ledger(ledger)
    ~~~~~~~~~~~~~~~~~^^^^^^^^
  File "E:\AI\projects\uoink\checkouts\Yoink-library\library_mirror.py", line 2789, in _save_ledger
    self._atomic_local(path, payload)
    ~~~~~~~~~~~~~~~~~~^^^^^^^^^^^^^^^
  File "E:\AI\projects\uoink\checkouts\Yoink-library\library_mirror.py", line 2874, in _atomic_local
    _with_isolated_lease_session(
    ~~~~~~~~~~~~~~~~~~~~~~~~~~~~^
        dest, lambda sess: sess.local_put(str(path), data),
        ^^^^^^^^^^^^^^^^^^^^^^^^^^^^^^^^^^^^^^^^^^^^^^^^^^^
    )
    ^
  File "E:\AI\projects\uoink\checkouts\Yoink-library\library_mirror.py", line 805, in _with_isolated_lease_session
    session = _VaultIoSession.start(dest)
  File "E:\AI\projects\uoink\checkouts\Yoink-library\library_mirror.py", line 1526, in start
    session.launch()
    ~~~~~~~~~~~~~~^^
  File "E:\AI\projects\uoink\checkouts\Yoink-library\library_mirror.py", line 1607, in launch
    raise OSError("vault io worker failed to start") from exc
OSError: vault io worker failed to start
F2026-09-09 08:10:11,438 INFO applying index migration 0001 (0001_initial_schema.sql)
2026-09-09 08:10:11,444 INFO applying index migration 0002 (0002_entity_graph.sql)
2026-09-09 08:10:11,445 INFO applying index migration 0003 (0003_taxonomy_corrections.sql)
2026-09-09 08:10:11,447 INFO applying index migration 0004 (0004_memory_indexes.sql)
2026-09-09 08:10:11,449 INFO applying index migration 0005 (0005_pending_yoinks.sql)
2026-09-09 08:10:11,451 INFO applying index migration 0006 (0006_v2_schema.sql)
2026-09-09 08:10:11,453 INFO applying index migration 0007 (0007_p4_workspaces.sql)
2026-09-09 08:10:11,455 INFO applying index migration 0008 (0008_a2_claims.sql)
2026-09-09 08:10:11,457 INFO applying index migration 0009 (0009_p5_scripts.sql)
2026-09-09 08:10:11,459 INFO applying index migration 0010 (0010_podcast_feeds.sql)
2026-09-09 08:10:11,460 INFO applying index migration 0011 (0011_podcast_audio.sql)
2026-09-09 08:10:11,462 INFO applying index migration 0012 (0012_whisper_transcripts.sql)
2026-09-09 08:10:11,467 INFO applying index migration 0013 (0013_monitored_playlists.sql)
2026-09-09 08:10:11,469 INFO applying index migration 0014 (0014_writing_studio.sql)
2026-09-09 08:10:11,470 INFO applying index migration 0015 (0015_universal_site.sql)
2026-09-09 08:10:11,472 INFO applying index migration 0016 (0016_default_style_anchors.sql)
2026-09-09 08:10:11,475 INFO applying index migration 0017 (0017_pending_long_video_mode.sql)
2026-09-09 08:10:11,477 INFO applying index migration 0018 (0018_writing_drafts.sql)
2026-09-09 08:10:11,478 INFO applying index migration 0019 (0019_auto_uoink.sql)
2026-09-09 08:10:11,481 INFO applying index migration 0020 (0020_platform_author.sql)
2026-09-09 08:10:11,484 INFO applying index migration 0021 (0021_suite_engagement.sql)
2026-09-09 08:10:11,486 INFO applying index migration 0022 (0022_podcast_corpus.sql)
2026-09-09 08:10:11,489 INFO applying index migration 0023 (0023_podcast_watch.sql)
2026-09-09 08:10:11,490 INFO applying index migration 0024 (0024_clips.sql)
2026-09-09 08:10:11,493 INFO applying index migration 0025 (0025_source_type_backfill.sql)
2026-09-09 08:10:11,495 INFO applying index migration 0026 (0026_provenance_precedence.sql)
2026-09-09 08:10:11,497 INFO applying index migration 0027 (0027_library_substrate.sql)
2026-09-09 08:10:11,499 INFO applying index migration 0028 (0028_source_subscriptions.sql)
2026-09-09 08:10:11,503 INFO applying index migration 0030 (0030_media_depth.sql)
2026-09-09 08:10:11,524 ERROR mirror ledger update failed for capture
Traceback (most recent call last):
  File "E:\AI\projects\uoink\checkouts\Yoink-library\library_mirror.py", line 1595, in launch
    proc = subprocess.Popen(
        [sys.executable, "-B", worker],
        **kwargs,
    )
  File "C:\Python314\Lib\subprocess.py", line 1039, in __init__
    self._execute_child(args, executable, preexec_fn, close_fds,
    ~~~~~~~~~~~~~~~~~~~^^^^^^^^^^^^^^^^^^^^^^^^^^^^^^^^^^^^^^^^^
                        pass_fds, cwd, env,
                        ^^^^^^^^^^^^^^^^^^^
    ...<5 lines>...
                        gid, gids, uid, umask,
                        ^^^^^^^^^^^^^^^^^^^^^^
                        start_new_session, process_group)
                        ^^^^^^^^^^^^^^^^^^^^^^^^^^^^^^^^^
  File "C:\Python314\Lib\subprocess.py", line 1549, in _execute_child
    sys.audit("subprocess.Popen", executable, args, cwd, env)
    ~~~~~~~~~^^^^^^^^^^^^^^^^^^^^^^^^^^^^^^^^^^^^^^^^^^^^^^^^
  File "E:\AI\projects\uoink\checkouts\Yoink-library\tests\library_work_astra\run_phase3_companions.py", line 84, in audit
    deny(event, args[0])
    ~~~~^^^^^^^^^^^^^^^^
  File "E:\AI\projects\uoink\checkouts\Yoink-library\tests\library_work_astra\run_phase3_companions.py", line 53, in deny
    raise AssertionError('AS6 blocked ' + event + ': ' + str(detail))
AssertionError: AS6 blocked subprocess.Popen: None

The above exception was the direct cause of the following exception:

Traceback (most recent call last):
  File "E:\AI\projects\uoink\checkouts\Yoink-library\library_mirror.py", line 2212, in on_committed_event
    self._record_event(kind, video_id=video_id, shelf_id=shelf_id, brief_hash=brief_hash)
    ~~~~~~~~~~~~~~~~~~^^^^^^^^^^^^^^^^^^^^^^^^^^^^^^^^^^^^^^^^^^^^^^^^^^^^^^^^^^^^^^^^^^^
  File "E:\AI\projects\uoink\checkouts\Yoink-library\library_mirror.py", line 3026, in _record_event
    self._save_ledger(ledger)
    ~~~~~~~~~~~~~~~~~^^^^^^^^
  File "E:\AI\projects\uoink\checkouts\Yoink-library\library_mirror.py", line 2789, in _save_ledger
    self._atomic_local(path, payload)
    ~~~~~~~~~~~~~~~~~~^^^^^^^^^^^^^^^
  File "E:\AI\projects\uoink\checkouts\Yoink-library\library_mirror.py", line 2874, in _atomic_local
    _with_isolated_lease_session(
    ~~~~~~~~~~~~~~~~~~~~~~~~~~~~^
        dest, lambda sess: sess.local_put(str(path), data),
        ^^^^^^^^^^^^^^^^^^^^^^^^^^^^^^^^^^^^^^^^^^^^^^^^^^^
    )
    ^
  File "E:\AI\projects\uoink\checkouts\Yoink-library\library_mirror.py", line 805, in _with_isolated_lease_session
    session = _VaultIoSession.start(dest)
  File "E:\AI\projects\uoink\checkouts\Yoink-library\library_mirror.py", line 1526, in start
    session.launch()
    ~~~~~~~~~~~~~~^^
  File "E:\AI\projects\uoink\checkouts\Yoink-library\library_mirror.py", line 1607, in launch
    raise OSError("vault io worker failed to start") from exc
OSError: vault io worker failed to start
F2026-09-09 08:10:11,553 INFO applying index migration 0001 (0001_initial_schema.sql)
2026-09-09 08:10:11,559 INFO applying index migration 0002 (0002_entity_graph.sql)
2026-09-09 08:10:11,561 INFO applying index migration 0003 (0003_taxonomy_corrections.sql)
2026-09-09 08:10:11,562 INFO applying index migration 0004 (0004_memory_indexes.sql)
2026-09-09 08:10:11,565 INFO applying index migration 0005 (0005_pending_yoinks.sql)
2026-09-09 08:10:11,566 INFO applying index migration 0006 (0006_v2_schema.sql)
2026-09-09 08:10:11,569 INFO applying index migration 0007 (0007_p4_workspaces.sql)
2026-09-09 08:10:11,571 INFO applying index migration 0008 (0008_a2_claims.sql)
2026-09-09 08:10:11,573 INFO applying index migration 0009 (0009_p5_scripts.sql)
2026-09-09 08:10:11,575 INFO applying index migration 0010 (0010_podcast_feeds.sql)
2026-09-09 08:10:11,577 INFO applying index migration 0011 (0011_podcast_audio.sql)
2026-09-09 08:10:11,579 INFO applying index migration 0012 (0012_whisper_transcripts.sql)
2026-09-09 08:10:11,583 INFO applying index migration 0013 (0013_monitored_playlists.sql)
2026-09-09 08:10:11,585 INFO applying index migration 0014 (0014_writing_studio.sql)
2026-09-09 08:10:11,587 INFO applying index migration 0015 (0015_universal_site.sql)
2026-09-09 08:10:11,589 INFO applying index migration 0016 (0016_default_style_anchors.sql)
2026-09-09 08:10:11,592 INFO applying index migration 0017 (0017_pending_long_video_mode.sql)
2026-09-09 08:10:11,593 INFO applying index migration 0018 (0018_writing_drafts.sql)
2026-09-09 08:10:11,595 INFO applying index migration 0019 (0019_auto_uoink.sql)
2026-09-09 08:10:11,597 INFO applying index migration 0020 (0020_platform_author.sql)
2026-09-09 08:10:11,600 INFO applying index migration 0021 (0021_suite_engagement.sql)
2026-09-09 08:10:11,602 INFO applying index migration 0022 (0022_podcast_corpus.sql)
2026-09-09 08:10:11,605 INFO applying index migration 0023 (0023_podcast_watch.sql)
2026-09-09 08:10:11,607 INFO applying index migration 0024 (0024_clips.sql)
2026-09-09 08:10:11,610 INFO applying index migration 0025 (0025_source_type_backfill.sql)
2026-09-09 08:10:11,612 INFO applying index migration 0026 (0026_provenance_precedence.sql)
2026-09-09 08:10:11,614 INFO applying index migration 0027 (0027_library_substrate.sql)
2026-09-09 08:10:11,617 INFO applying index migration 0028 (0028_source_subscriptions.sql)
2026-09-09 08:10:11,621 INFO applying index migration 0030 (0030_media_depth.sql)
2026-09-09 08:10:11,643 ERROR mirror ledger update failed for capture
Traceback (most recent call last):
  File "E:\AI\projects\uoink\checkouts\Yoink-library\library_mirror.py", line 1595, in launch
    proc = subprocess.Popen(
        [sys.executable, "-B", worker],
        **kwargs,
    )
  File "C:\Python314\Lib\subprocess.py", line 1039, in __init__
    self._execute_child(args, executable, preexec_fn, close_fds,
    ~~~~~~~~~~~~~~~~~~~^^^^^^^^^^^^^^^^^^^^^^^^^^^^^^^^^^^^^^^^^
                        pass_fds, cwd, env,
                        ^^^^^^^^^^^^^^^^^^^
    ...<5 lines>...
                        gid, gids, uid, umask,
                        ^^^^^^^^^^^^^^^^^^^^^^
                        start_new_session, process_group)
                        ^^^^^^^^^^^^^^^^^^^^^^^^^^^^^^^^^
  File "C:\Python314\Lib\subprocess.py", line 1549, in _execute_child
    sys.audit("subprocess.Popen", executable, args, cwd, env)
    ~~~~~~~~~^^^^^^^^^^^^^^^^^^^^^^^^^^^^^^^^^^^^^^^^^^^^^^^^
  File "E:\AI\projects\uoink\checkouts\Yoink-library\tests\library_work_astra\run_phase3_companions.py", line 84, in audit
    deny(event, args[0])
    ~~~~^^^^^^^^^^^^^^^^
  File "E:\AI\projects\uoink\checkouts\Yoink-library\tests\library_work_astra\run_phase3_companions.py", line 53, in deny
    raise AssertionError('AS6 blocked ' + event + ': ' + str(detail))
AssertionError: AS6 blocked subprocess.Popen: None

The above exception was the direct cause of the following exception:

Traceback (most recent call last):
  File "E:\AI\projects\uoink\checkouts\Yoink-library\library_mirror.py", line 2212, in on_committed_event
    self._record_event(kind, video_id=video_id, shelf_id=shelf_id, brief_hash=brief_hash)
    ~~~~~~~~~~~~~~~~~~^^^^^^^^^^^^^^^^^^^^^^^^^^^^^^^^^^^^^^^^^^^^^^^^^^^^^^^^^^^^^^^^^^^
  File "E:\AI\projects\uoink\checkouts\Yoink-library\library_mirror.py", line 3026, in _record_event
    self._save_ledger(ledger)
    ~~~~~~~~~~~~~~~~~^^^^^^^^
  File "E:\AI\projects\uoink\checkouts\Yoink-library\library_mirror.py", line 2789, in _save_ledger
    self._atomic_local(path, payload)
    ~~~~~~~~~~~~~~~~~~^^^^^^^^^^^^^^^
  File "E:\AI\projects\uoink\checkouts\Yoink-library\library_mirror.py", line 2874, in _atomic_local
    _with_isolated_lease_session(
    ~~~~~~~~~~~~~~~~~~~~~~~~~~~~^
        dest, lambda sess: sess.local_put(str(path), data),
        ^^^^^^^^^^^^^^^^^^^^^^^^^^^^^^^^^^^^^^^^^^^^^^^^^^^
    )
    ^
  File "E:\AI\projects\uoink\checkouts\Yoink-library\library_mirror.py", line 805, in _with_isolated_lease_session
    session = _VaultIoSession.start(dest)
  File "E:\AI\projects\uoink\checkouts\Yoink-library\library_mirror.py", line 1526, in start
    session.launch()
    ~~~~~~~~~~~~~~^^
  File "E:\AI\projects\uoink\checkouts\Yoink-library\library_mirror.py", line 1607, in launch
    raise OSError("vault io worker failed to start") from exc
OSError: vault io worker failed to start
F2026-09-09 08:10:11,671 INFO applying index migration 0001 (0001_initial_schema.sql)
2026-09-09 08:10:11,677 INFO applying index migration 0002 (0002_entity_graph.sql)
2026-09-09 08:10:11,678 INFO applying index migration 0003 (0003_taxonomy_corrections.sql)
2026-09-09 08:10:11,680 INFO applying index migration 0004 (0004_memory_indexes.sql)
2026-09-09 08:10:11,682 INFO applying index migration 0005 (0005_pending_yoinks.sql)
2026-09-09 08:10:11,684 INFO applying index migration 0006 (0006_v2_schema.sql)
2026-09-09 08:10:11,686 INFO applying index migration 0007 (0007_p4_workspaces.sql)
2026-09-09 08:10:11,688 INFO applying index migration 0008 (0008_a2_claims.sql)
2026-09-09 08:10:11,690 INFO applying index migration 0009 (0009_p5_scripts.sql)
2026-09-09 08:10:11,692 INFO applying index migration 0010 (0010_podcast_feeds.sql)
2026-09-09 08:10:11,693 INFO applying index migration 0011 (0011_podcast_audio.sql)
2026-09-09 08:10:11,696 INFO applying index migration 0012 (0012_whisper_transcripts.sql)
2026-09-09 08:10:11,700 INFO applying index migration 0013 (0013_monitored_playlists.sql)
2026-09-09 08:10:11,701 INFO applying index migration 0014 (0014_writing_studio.sql)
2026-09-09 08:10:11,703 INFO applying index migration 0015 (0015_universal_site.sql)
2026-09-09 08:10:11,705 INFO applying index migration 0016 (0016_default_style_anchors.sql)
2026-09-09 08:10:11,707 INFO applying index migration 0017 (0017_pending_long_video_mode.sql)
2026-09-09 08:10:11,709 INFO applying index migration 0018 (0018_writing_drafts.sql)
2026-09-09 08:10:11,710 INFO applying index migration 0019 (0019_auto_uoink.sql)
2026-09-09 08:10:11,713 INFO applying index migration 0020 (0020_platform_author.sql)
2026-09-09 08:10:11,716 INFO applying index migration 0021 (0021_suite_engagement.sql)
2026-09-09 08:10:11,717 INFO applying index migration 0022 (0022_podcast_corpus.sql)
2026-09-09 08:10:11,720 INFO applying index migration 0023 (0023_podcast_watch.sql)
2026-09-09 08:10:11,722 INFO applying index migration 0024 (0024_clips.sql)
2026-09-09 08:10:11,725 INFO applying index migration 0025 (0025_source_type_backfill.sql)
2026-09-09 08:10:11,727 INFO applying index migration 0026 (0026_provenance_precedence.sql)
2026-09-09 08:10:11,729 INFO applying index migration 0027 (0027_library_substrate.sql)
2026-09-09 08:10:11,732 INFO applying index migration 0028 (0028_source_subscriptions.sql)
2026-09-09 08:10:11,735 INFO applying index migration 0030 (0030_media_depth.sql)
2026-09-09 08:10:11,758 ERROR mirror ledger update failed for capture
Traceback (most recent call last):
  File "E:\AI\projects\uoink\checkouts\Yoink-library\library_mirror.py", line 1595, in launch
    proc = subprocess.Popen(
        [sys.executable, "-B", worker],
        **kwargs,
    )
  File "C:\Python314\Lib\subprocess.py", line 1039, in __init__
    self._execute_child(args, executable, preexec_fn, close_fds,
    ~~~~~~~~~~~~~~~~~~~^^^^^^^^^^^^^^^^^^^^^^^^^^^^^^^^^^^^^^^^^
                        pass_fds, cwd, env,
                        ^^^^^^^^^^^^^^^^^^^
    ...<5 lines>...
                        gid, gids, uid, umask,
                        ^^^^^^^^^^^^^^^^^^^^^^
                        start_new_session, process_group)
                        ^^^^^^^^^^^^^^^^^^^^^^^^^^^^^^^^^
  File "C:\Python314\Lib\subprocess.py", line 1549, in _execute_child
    sys.audit("subprocess.Popen", executable, args, cwd, env)
    ~~~~~~~~~^^^^^^^^^^^^^^^^^^^^^^^^^^^^^^^^^^^^^^^^^^^^^^^^
  File "E:\AI\projects\uoink\checkouts\Yoink-library\tests\library_work_astra\run_phase3_companions.py", line 84, in audit
    deny(event, args[0])
    ~~~~^^^^^^^^^^^^^^^^
  File "E:\AI\projects\uoink\checkouts\Yoink-library\tests\library_work_astra\run_phase3_companions.py", line 53, in deny
    raise AssertionError('AS6 blocked ' + event + ': ' + str(detail))
AssertionError: AS6 blocked subprocess.Popen: None

The above exception was the direct cause of the following exception:

Traceback (most recent call last):
  File "E:\AI\projects\uoink\checkouts\Yoink-library\library_mirror.py", line 2212, in on_committed_event
    self._record_event(kind, video_id=video_id, shelf_id=shelf_id, brief_hash=brief_hash)
    ~~~~~~~~~~~~~~~~~~^^^^^^^^^^^^^^^^^^^^^^^^^^^^^^^^^^^^^^^^^^^^^^^^^^^^^^^^^^^^^^^^^^^
  File "E:\AI\projects\uoink\checkouts\Yoink-library\library_mirror.py", line 3026, in _record_event
    self._save_ledger(ledger)
    ~~~~~~~~~~~~~~~~~^^^^^^^^
  File "E:\AI\projects\uoink\checkouts\Yoink-library\library_mirror.py", line 2789, in _save_ledger
    self._atomic_local(path, payload)
    ~~~~~~~~~~~~~~~~~~^^^^^^^^^^^^^^^
  File "E:\AI\projects\uoink\checkouts\Yoink-library\library_mirror.py", line 2874, in _atomic_local
    _with_isolated_lease_session(
    ~~~~~~~~~~~~~~~~~~~~~~~~~~~~^
        dest, lambda sess: sess.local_put(str(path), data),
        ^^^^^^^^^^^^^^^^^^^^^^^^^^^^^^^^^^^^^^^^^^^^^^^^^^^
    )
    ^
  File "E:\AI\projects\uoink\checkouts\Yoink-library\library_mirror.py", line 805, in _with_isolated_lease_session
    session = _VaultIoSession.start(dest)
  File "E:\AI\projects\uoink\checkouts\Yoink-library\library_mirror.py", line 1526, in start
    session.launch()
    ~~~~~~~~~~~~~~^^
  File "E:\AI\projects\uoink\checkouts\Yoink-library\library_mirror.py", line 1607, in launch
    raise OSError("vault io worker failed to start") from exc
OSError: vault io worker failed to start
.2026-09-09 08:10:11,777 INFO applying index migration 0001 (0001_initial_schema.sql)
2026-09-09 08:10:11,782 INFO applying index migration 0002 (0002_entity_graph.sql)
2026-09-09 08:10:11,783 INFO applying index migration 0003 (0003_taxonomy_corrections.sql)
2026-09-09 08:10:11,785 INFO applying index migration 0004 (0004_memory_indexes.sql)
2026-09-09 08:10:11,788 INFO applying index migration 0005 (0005_pending_yoinks.sql)
2026-09-09 08:10:11,789 INFO applying index migration 0006 (0006_v2_schema.sql)
2026-09-09 08:10:11,792 INFO applying index migration 0007 (0007_p4_workspaces.sql)
2026-09-09 08:10:11,793 INFO applying index migration 0008 (0008_a2_claims.sql)
2026-09-09 08:10:11,796 INFO applying index migration 0009 (0009_p5_scripts.sql)
2026-09-09 08:10:11,798 INFO applying index migration 0010 (0010_podcast_feeds.sql)
2026-09-09 08:10:11,799 INFO applying index migration 0011 (0011_podcast_audio.sql)
2026-09-09 08:10:11,801 INFO applying index migration 0012 (0012_whisper_transcripts.sql)
2026-09-09 08:10:11,805 INFO applying index migration 0013 (0013_monitored_playlists.sql)
2026-09-09 08:10:11,807 INFO applying index migration 0014 (0014_writing_studio.sql)
2026-09-09 08:10:11,809 INFO applying index migration 0015 (0015_universal_site.sql)
2026-09-09 08:10:11,810 INFO applying index migration 0016 (0016_default_style_anchors.sql)
2026-09-09 08:10:11,813 INFO applying index migration 0017 (0017_pending_long_video_mode.sql)
2026-09-09 08:10:11,815 INFO applying index migration 0018 (0018_writing_drafts.sql)
2026-09-09 08:10:11,816 INFO applying index migration 0019 (0019_auto_uoink.sql)
2026-09-09 08:10:11,818 INFO applying index migration 0020 (0020_platform_author.sql)
2026-09-09 08:10:11,822 INFO applying index migration 0021 (0021_suite_engagement.sql)
2026-09-09 08:10:11,823 INFO applying index migration 0022 (0022_podcast_corpus.sql)
2026-09-09 08:10:11,826 INFO applying index migration 0023 (0023_podcast_watch.sql)
2026-09-09 08:10:11,829 INFO applying index migration 0024 (0024_clips.sql)
2026-09-09 08:10:11,832 INFO applying index migration 0025 (0025_source_type_backfill.sql)
2026-09-09 08:10:11,833 INFO applying index migration 0026 (0026_provenance_precedence.sql)
2026-09-09 08:10:11,835 INFO applying index migration 0027 (0027_library_substrate.sql)
2026-09-09 08:10:11,838 INFO applying index migration 0028 (0028_source_subscriptions.sql)
2026-09-09 08:10:11,841 INFO applying index migration 0030 (0030_media_depth.sql)
2026-09-09 08:10:11,864 ERROR mirror ledger update failed for capture
Traceback (most recent call last):
  File "E:\AI\projects\uoink\checkouts\Yoink-library\library_mirror.py", line 1595, in launch
    proc = subprocess.Popen(
        [sys.executable, "-B", worker],
        **kwargs,
    )
  File "C:\Python314\Lib\subprocess.py", line 1039, in __init__
    self._execute_child(args, executable, preexec_fn, close_fds,
    ~~~~~~~~~~~~~~~~~~~^^^^^^^^^^^^^^^^^^^^^^^^^^^^^^^^^^^^^^^^^
                        pass_fds, cwd, env,
                        ^^^^^^^^^^^^^^^^^^^
    ...<5 lines>...
                        gid, gids, uid, umask,
                        ^^^^^^^^^^^^^^^^^^^^^^
                        start_new_session, process_group)
                        ^^^^^^^^^^^^^^^^^^^^^^^^^^^^^^^^^
  File "C:\Python314\Lib\subprocess.py", line 1549, in _execute_child
    sys.audit("subprocess.Popen", executable, args, cwd, env)
    ~~~~~~~~~^^^^^^^^^^^^^^^^^^^^^^^^^^^^^^^^^^^^^^^^^^^^^^^^
  File "E:\AI\projects\uoink\checkouts\Yoink-library\tests\library_work_astra\run_phase3_companions.py", line 84, in audit
    deny(event, args[0])
    ~~~~^^^^^^^^^^^^^^^^
  File "E:\AI\projects\uoink\checkouts\Yoink-library\tests\library_work_astra\run_phase3_companions.py", line 53, in deny
    raise AssertionError('AS6 blocked ' + event + ': ' + str(detail))
AssertionError: AS6 blocked subprocess.Popen: None

The above exception was the direct cause of the following exception:

Traceback (most recent call last):
  File "E:\AI\projects\uoink\checkouts\Yoink-library\library_mirror.py", line 2212, in on_committed_event
    self._record_event(kind, video_id=video_id, shelf_id=shelf_id, brief_hash=brief_hash)
    ~~~~~~~~~~~~~~~~~~^^^^^^^^^^^^^^^^^^^^^^^^^^^^^^^^^^^^^^^^^^^^^^^^^^^^^^^^^^^^^^^^^^^
  File "E:\AI\projects\uoink\checkouts\Yoink-library\library_mirror.py", line 3026, in _record_event
    self._save_ledger(ledger)
    ~~~~~~~~~~~~~~~~~^^^^^^^^
  File "E:\AI\projects\uoink\checkouts\Yoink-library\library_mirror.py", line 2789, in _save_ledger
    self._atomic_local(path, payload)
    ~~~~~~~~~~~~~~~~~~^^^^^^^^^^^^^^^
  File "E:\AI\projects\uoink\checkouts\Yoink-library\library_mirror.py", line 2874, in _atomic_local
    _with_isolated_lease_session(
    ~~~~~~~~~~~~~~~~~~~~~~~~~~~~^
        dest, lambda sess: sess.local_put(str(path), data),
        ^^^^^^^^^^^^^^^^^^^^^^^^^^^^^^^^^^^^^^^^^^^^^^^^^^^
    )
    ^
  File "E:\AI\projects\uoink\checkouts\Yoink-library\library_mirror.py", line 805, in _with_isolated_lease_session
    session = _VaultIoSession.start(dest)
  File "E:\AI\projects\uoink\checkouts\Yoink-library\library_mirror.py", line 1526, in start
    session.launch()
    ~~~~~~~~~~~~~~^^
  File "E:\AI\projects\uoink\checkouts\Yoink-library\library_mirror.py", line 1607, in launch
    raise OSError("vault io worker failed to start") from exc
OSError: vault io worker failed to start
F2026-09-09 08:10:14,951 INFO applying index migration 0001 (0001_initial_schema.sql)
2026-09-09 08:10:14,960 INFO applying index migration 0002 (0002_entity_graph.sql)
2026-09-09 08:10:14,965 INFO applying index migration 0003 (0003_taxonomy_corrections.sql)
2026-09-09 08:10:14,969 INFO applying index migration 0004 (0004_memory_indexes.sql)
2026-09-09 08:10:14,972 INFO applying index migration 0005 (0005_pending_yoinks.sql)
2026-09-09 08:10:14,974 INFO applying index migration 0006 (0006_v2_schema.sql)
2026-09-09 08:10:14,978 INFO applying index migration 0007 (0007_p4_workspaces.sql)
2026-09-09 08:10:14,982 INFO applying index migration 0008 (0008_a2_claims.sql)
2026-09-09 08:10:15,021 INFO applying index migration 0009 (0009_p5_scripts.sql)
2026-09-09 08:10:15,025 INFO applying index migration 0010 (0010_podcast_feeds.sql)
2026-09-09 08:10:15,027 INFO applying index migration 0011 (0011_podcast_audio.sql)
2026-09-09 08:10:15,032 INFO applying index migration 0012 (0012_whisper_transcripts.sql)
2026-09-09 08:10:15,038 INFO applying index migration 0013 (0013_monitored_playlists.sql)
2026-09-09 08:10:15,042 INFO applying index migration 0014 (0014_writing_studio.sql)
2026-09-09 08:10:15,045 INFO applying index migration 0015 (0015_universal_site.sql)
2026-09-09 08:10:15,049 INFO applying index migration 0016 (0016_default_style_anchors.sql)
2026-09-09 08:10:15,052 INFO applying index migration 0017 (0017_pending_long_video_mode.sql)
2026-09-09 08:10:15,055 INFO applying index migration 0018 (0018_writing_drafts.sql)
2026-09-09 08:10:15,057 INFO applying index migration 0019 (0019_auto_uoink.sql)
2026-09-09 08:10:15,064 INFO applying index migration 0020 (0020_platform_author.sql)
2026-09-09 08:10:15,070 INFO applying index migration 0021 (0021_suite_engagement.sql)
2026-09-09 08:10:15,072 INFO applying index migration 0022 (0022_podcast_corpus.sql)
2026-09-09 08:10:15,078 INFO applying index migration 0023 (0023_podcast_watch.sql)
2026-09-09 08:10:15,083 INFO applying index migration 0024 (0024_clips.sql)
2026-09-09 08:10:15,086 INFO applying index migration 0025 (0025_source_type_backfill.sql)
2026-09-09 08:10:15,088 INFO applying index migration 0026 (0026_provenance_precedence.sql)
2026-09-09 08:10:15,091 INFO applying index migration 0027 (0027_library_substrate.sql)
2026-09-09 08:10:15,096 INFO applying index migration 0028 (0028_source_subscriptions.sql)
2026-09-09 08:10:15,102 INFO applying index migration 0030 (0030_media_depth.sql)
2026-09-09 08:10:15,143 ERROR mirror ledger update failed for capture
Traceback (most recent call last):
  File "E:\AI\projects\uoink\checkouts\Yoink-library\library_mirror.py", line 1595, in launch
    proc = subprocess.Popen(
        [sys.executable, "-B", worker],
        **kwargs,
    )
  File "C:\Python314\Lib\subprocess.py", line 1039, in __init__
    self._execute_child(args, executable, preexec_fn, close_fds,
    ~~~~~~~~~~~~~~~~~~~^^^^^^^^^^^^^^^^^^^^^^^^^^^^^^^^^^^^^^^^^
                        pass_fds, cwd, env,
                        ^^^^^^^^^^^^^^^^^^^
    ...<5 lines>...
                        gid, gids, uid, umask,
                        ^^^^^^^^^^^^^^^^^^^^^^
                        start_new_session, process_group)
                        ^^^^^^^^^^^^^^^^^^^^^^^^^^^^^^^^^
  File "C:\Python314\Lib\subprocess.py", line 1549, in _execute_child
    sys.audit("subprocess.Popen", executable, args, cwd, env)
    ~~~~~~~~~^^^^^^^^^^^^^^^^^^^^^^^^^^^^^^^^^^^^^^^^^^^^^^^^
  File "E:\AI\projects\uoink\checkouts\Yoink-library\tests\library_work_astra\run_phase3_companions.py", line 84, in audit
    deny(event, args[0])
    ~~~~^^^^^^^^^^^^^^^^
  File "E:\AI\projects\uoink\checkouts\Yoink-library\tests\library_work_astra\run_phase3_companions.py", line 53, in deny
    raise AssertionError('AS6 blocked ' + event + ': ' + str(detail))
AssertionError: AS6 blocked subprocess.Popen: None

The above exception was the direct cause of the following exception:

Traceback (most recent call last):
  File "E:\AI\projects\uoink\checkouts\Yoink-library\library_mirror.py", line 2212, in on_committed_event
    self._record_event(kind, video_id=video_id, shelf_id=shelf_id, brief_hash=brief_hash)
    ~~~~~~~~~~~~~~~~~~^^^^^^^^^^^^^^^^^^^^^^^^^^^^^^^^^^^^^^^^^^^^^^^^^^^^^^^^^^^^^^^^^^^
  File "E:\AI\projects\uoink\checkouts\Yoink-library\library_mirror.py", line 3026, in _record_event
    self._save_ledger(ledger)
    ~~~~~~~~~~~~~~~~~^^^^^^^^
  File "E:\AI\projects\uoink\checkouts\Yoink-library\library_mirror.py", line 2789, in _save_ledger
    self._atomic_local(path, payload)
    ~~~~~~~~~~~~~~~~~~^^^^^^^^^^^^^^^
  File "E:\AI\projects\uoink\checkouts\Yoink-library\library_mirror.py", line 2874, in _atomic_local
    _with_isolated_lease_session(
    ~~~~~~~~~~~~~~~~~~~~~~~~~~~~^
        dest, lambda sess: sess.local_put(str(path), data),
        ^^^^^^^^^^^^^^^^^^^^^^^^^^^^^^^^^^^^^^^^^^^^^^^^^^^
    )
    ^
  File "E:\AI\projects\uoink\checkouts\Yoink-library\library_mirror.py", line 805, in _with_isolated_lease_session
    session = _VaultIoSession.start(dest)
  File "E:\AI\projects\uoink\checkouts\Yoink-library\library_mirror.py", line 1526, in start
    session.launch()
    ~~~~~~~~~~~~~~^^
  File "E:\AI\projects\uoink\checkouts\Yoink-library\library_mirror.py", line 1607, in launch
    raise OSError("vault io worker failed to start") from exc
OSError: vault io worker failed to start
F2026-09-09 08:10:15,211 INFO applying index migration 0001 (0001_initial_schema.sql)
2026-09-09 08:10:15,220 INFO applying index migration 0002 (0002_entity_graph.sql)
2026-09-09 08:10:15,223 INFO applying index migration 0003 (0003_taxonomy_corrections.sql)
2026-09-09 08:10:15,227 INFO applying index migration 0004 (0004_memory_indexes.sql)
2026-09-09 08:10:15,232 INFO applying index migration 0005 (0005_pending_yoinks.sql)
2026-09-09 08:10:15,235 INFO applying index migration 0006 (0006_v2_schema.sql)
2026-09-09 08:10:15,242 INFO applying index migration 0007 (0007_p4_workspaces.sql)
2026-09-09 08:10:15,246 INFO applying index migration 0008 (0008_a2_claims.sql)
2026-09-09 08:10:15,249 INFO applying index migration 0009 (0009_p5_scripts.sql)
2026-09-09 08:10:15,253 INFO applying index migration 0010 (0010_podcast_feeds.sql)
2026-09-09 08:10:15,255 INFO applying index migration 0011 (0011_podcast_audio.sql)
2026-09-09 08:10:15,260 INFO applying index migration 0012 (0012_whisper_transcripts.sql)
2026-09-09 08:10:15,267 INFO applying index migration 0013 (0013_monitored_playlists.sql)
2026-09-09 08:10:15,270 INFO applying index migration 0014 (0014_writing_studio.sql)
2026-09-09 08:10:15,273 INFO applying index migration 0015 (0015_universal_site.sql)
2026-09-09 08:10:15,279 INFO applying index migration 0016 (0016_default_style_anchors.sql)
2026-09-09 08:10:15,284 INFO applying index migration 0017 (0017_pending_long_video_mode.sql)
2026-09-09 08:10:15,288 INFO applying index migration 0018 (0018_writing_drafts.sql)
2026-09-09 08:10:15,291 INFO applying index migration 0019 (0019_auto_uoink.sql)
2026-09-09 08:10:15,298 INFO applying index migration 0020 (0020_platform_author.sql)
2026-09-09 08:10:15,303 INFO applying index migration 0021 (0021_suite_engagement.sql)
2026-09-09 08:10:15,307 INFO applying index migration 0022 (0022_podcast_corpus.sql)
2026-09-09 08:10:15,312 INFO applying index migration 0023 (0023_podcast_watch.sql)
2026-09-09 08:10:15,316 INFO applying index migration 0024 (0024_clips.sql)
2026-09-09 08:10:15,321 INFO applying index migration 0025 (0025_source_type_backfill.sql)
2026-09-09 08:10:15,323 INFO applying index migration 0026 (0026_provenance_precedence.sql)
2026-09-09 08:10:15,326 INFO applying index migration 0027 (0027_library_substrate.sql)
2026-09-09 08:10:15,336 INFO applying index migration 0028 (0028_source_subscriptions.sql)
2026-09-09 08:10:15,342 INFO applying index migration 0030 (0030_media_depth.sql)
2026-09-09 08:10:15,401 ERROR mirror ledger update failed for capture
Traceback (most recent call last):
  File "E:\AI\projects\uoink\checkouts\Yoink-library\library_mirror.py", line 1595, in launch
    proc = subprocess.Popen(
        [sys.executable, "-B", worker],
        **kwargs,
    )
  File "C:\Python314\Lib\subprocess.py", line 1039, in __init__
    self._execute_child(args, executable, preexec_fn, close_fds,
    ~~~~~~~~~~~~~~~~~~~^^^^^^^^^^^^^^^^^^^^^^^^^^^^^^^^^^^^^^^^^
                        pass_fds, cwd, env,
                        ^^^^^^^^^^^^^^^^^^^
    ...<5 lines>...
                        gid, gids, uid, umask,
                        ^^^^^^^^^^^^^^^^^^^^^^
                        start_new_session, process_group)
                        ^^^^^^^^^^^^^^^^^^^^^^^^^^^^^^^^^
  File "C:\Python314\Lib\subprocess.py", line 1549, in _execute_child
    sys.audit("subprocess.Popen", executable, args, cwd, env)
    ~~~~~~~~~^^^^^^^^^^^^^^^^^^^^^^^^^^^^^^^^^^^^^^^^^^^^^^^^
  File "E:\AI\projects\uoink\checkouts\Yoink-library\tests\library_work_astra\run_phase3_companions.py", line 84, in audit
    deny(event, args[0])
    ~~~~^^^^^^^^^^^^^^^^
  File "E:\AI\projects\uoink\checkouts\Yoink-library\tests\library_work_astra\run_phase3_companions.py", line 53, in deny
    raise AssertionError('AS6 blocked ' + event + ': ' + str(detail))
AssertionError: AS6 blocked subprocess.Popen: None

The above exception was the direct cause of the following exception:

Traceback (most recent call last):
  File "E:\AI\projects\uoink\checkouts\Yoink-library\library_mirror.py", line 2212, in on_committed_event
    self._record_event(kind, video_id=video_id, shelf_id=shelf_id, brief_hash=brief_hash)
    ~~~~~~~~~~~~~~~~~~^^^^^^^^^^^^^^^^^^^^^^^^^^^^^^^^^^^^^^^^^^^^^^^^^^^^^^^^^^^^^^^^^^^
  File "E:\AI\projects\uoink\checkouts\Yoink-library\library_mirror.py", line 3026, in _record_event
    self._save_ledger(ledger)
    ~~~~~~~~~~~~~~~~~^^^^^^^^
  File "E:\AI\projects\uoink\checkouts\Yoink-library\library_mirror.py", line 2789, in _save_ledger
    self._atomic_local(path, payload)
    ~~~~~~~~~~~~~~~~~~^^^^^^^^^^^^^^^
  File "E:\AI\projects\uoink\checkouts\Yoink-library\library_mirror.py", line 2874, in _atomic_local
    _with_isolated_lease_session(
    ~~~~~~~~~~~~~~~~~~~~~~~~~~~~^
        dest, lambda sess: sess.local_put(str(path), data),
        ^^^^^^^^^^^^^^^^^^^^^^^^^^^^^^^^^^^^^^^^^^^^^^^^^^^
    )
    ^
  File "E:\AI\projects\uoink\checkouts\Yoink-library\library_mirror.py", line 805, in _with_isolated_lease_session
    session = _VaultIoSession.start(dest)
  File "E:\AI\projects\uoink\checkouts\Yoink-library\library_mirror.py", line 1526, in start
    session.launch()
    ~~~~~~~~~~~~~~^^
  File "E:\AI\projects\uoink\checkouts\Yoink-library\library_mirror.py", line 1607, in launch
    raise OSError("vault io worker failed to start") from exc
OSError: vault io worker failed to start
F2026-09-09 08:10:15,491 INFO applying index migration 0001 (0001_initial_schema.sql)
2026-09-09 08:10:15,499 INFO applying index migration 0002 (0002_entity_graph.sql)
2026-09-09 08:10:15,501 INFO applying index migration 0003 (0003_taxonomy_corrections.sql)
2026-09-09 08:10:15,505 INFO applying index migration 0004 (0004_memory_indexes.sql)
2026-09-09 08:10:15,507 INFO applying index migration 0005 (0005_pending_yoinks.sql)
2026-09-09 08:10:15,510 INFO applying index migration 0006 (0006_v2_schema.sql)
2026-09-09 08:10:15,515 INFO applying index migration 0007 (0007_p4_workspaces.sql)
2026-09-09 08:10:15,519 INFO applying index migration 0008 (0008_a2_claims.sql)
2026-09-09 08:10:15,522 INFO applying index migration 0009 (0009_p5_scripts.sql)
2026-09-09 08:10:15,524 INFO applying index migration 0010 (0010_podcast_feeds.sql)
2026-09-09 08:10:15,528 INFO applying index migration 0011 (0011_podcast_audio.sql)
2026-09-09 08:10:15,533 INFO applying index migration 0012 (0012_whisper_transcripts.sql)
2026-09-09 08:10:15,537 INFO applying index migration 0013 (0013_monitored_playlists.sql)
2026-09-09 08:10:15,539 INFO applying index migration 0014 (0014_writing_studio.sql)
2026-09-09 08:10:15,541 INFO applying index migration 0015 (0015_universal_site.sql)
2026-09-09 08:10:15,545 INFO applying index migration 0016 (0016_default_style_anchors.sql)
2026-09-09 08:10:15,546 INFO applying index migration 0017 (0017_pending_long_video_mode.sql)
2026-09-09 08:10:15,548 INFO applying index migration 0018 (0018_writing_drafts.sql)
2026-09-09 08:10:15,550 INFO applying index migration 0019 (0019_auto_uoink.sql)
2026-09-09 08:10:15,553 INFO applying index migration 0020 (0020_platform_author.sql)
2026-09-09 08:10:15,555 INFO applying index migration 0021 (0021_suite_engagement.sql)
2026-09-09 08:10:15,557 INFO applying index migration 0022 (0022_podcast_corpus.sql)
2026-09-09 08:10:15,560 INFO applying index migration 0023 (0023_podcast_watch.sql)
2026-09-09 08:10:15,564 INFO applying index migration 0024 (0024_clips.sql)
2026-09-09 08:10:15,566 INFO applying index migration 0025 (0025_source_type_backfill.sql)
2026-09-09 08:10:15,568 INFO applying index migration 0026 (0026_provenance_precedence.sql)
2026-09-09 08:10:15,569 INFO applying index migration 0027 (0027_library_substrate.sql)
2026-09-09 08:10:15,574 INFO applying index migration 0028 (0028_source_subscriptions.sql)
2026-09-09 08:10:15,578 INFO applying index migration 0030 (0030_media_depth.sql)
2026-09-09 08:10:15,626 ERROR mirror ledger update failed for capture
Traceback (most recent call last):
  File "E:\AI\projects\uoink\checkouts\Yoink-library\library_mirror.py", line 1595, in launch
    proc = subprocess.Popen(
        [sys.executable, "-B", worker],
        **kwargs,
    )
  File "C:\Python314\Lib\subprocess.py", line 1039, in __init__
    self._execute_child(args, executable, preexec_fn, close_fds,
    ~~~~~~~~~~~~~~~~~~~^^^^^^^^^^^^^^^^^^^^^^^^^^^^^^^^^^^^^^^^^
                        pass_fds, cwd, env,
                        ^^^^^^^^^^^^^^^^^^^
    ...<5 lines>...
                        gid, gids, uid, umask,
                        ^^^^^^^^^^^^^^^^^^^^^^
                        start_new_session, process_group)
                        ^^^^^^^^^^^^^^^^^^^^^^^^^^^^^^^^^
  File "C:\Python314\Lib\subprocess.py", line 1549, in _execute_child
    sys.audit("subprocess.Popen", executable, args, cwd, env)
    ~~~~~~~~~^^^^^^^^^^^^^^^^^^^^^^^^^^^^^^^^^^^^^^^^^^^^^^^^
  File "E:\AI\projects\uoink\checkouts\Yoink-library\tests\library_work_astra\run_phase3_companions.py", line 84, in audit
    deny(event, args[0])
    ~~~~^^^^^^^^^^^^^^^^
  File "E:\AI\projects\uoink\checkouts\Yoink-library\tests\library_work_astra\run_phase3_companions.py", line 53, in deny
    raise AssertionError('AS6 blocked ' + event + ': ' + str(detail))
AssertionError: AS6 blocked subprocess.Popen: None

The above exception was the direct cause of the following exception:

Traceback (most recent call last):
  File "E:\AI\projects\uoink\checkouts\Yoink-library\library_mirror.py", line 2212, in on_committed_event
    self._record_event(kind, video_id=video_id, shelf_id=shelf_id, brief_hash=brief_hash)
    ~~~~~~~~~~~~~~~~~~^^^^^^^^^^^^^^^^^^^^^^^^^^^^^^^^^^^^^^^^^^^^^^^^^^^^^^^^^^^^^^^^^^^
  File "E:\AI\projects\uoink\checkouts\Yoink-library\library_mirror.py", line 3026, in _record_event
    self._save_ledger(ledger)
    ~~~~~~~~~~~~~~~~~^^^^^^^^
  File "E:\AI\projects\uoink\checkouts\Yoink-library\library_mirror.py", line 2789, in _save_ledger
    self._atomic_local(path, payload)
    ~~~~~~~~~~~~~~~~~~^^^^^^^^^^^^^^^
  File "E:\AI\projects\uoink\checkouts\Yoink-library\library_mirror.py", line 2874, in _atomic_local
    _with_isolated_lease_session(
    ~~~~~~~~~~~~~~~~~~~~~~~~~~~~^
        dest, lambda sess: sess.local_put(str(path), data),
        ^^^^^^^^^^^^^^^^^^^^^^^^^^^^^^^^^^^^^^^^^^^^^^^^^^^
    )
    ^
  File "E:\AI\projects\uoink\checkouts\Yoink-library\library_mirror.py", line 805, in _with_isolated_lease_session
    session = _VaultIoSession.start(dest)
  File "E:\AI\projects\uoink\checkouts\Yoink-library\library_mirror.py", line 1526, in start
    session.launch()
    ~~~~~~~~~~~~~~^^
  File "E:\AI\projects\uoink\checkouts\Yoink-library\library_mirror.py", line 1607, in launch
    raise OSError("vault io worker failed to start") from exc
OSError: vault io worker failed to start
F2026-09-09 08:10:15,696 INFO applying index migration 0001 (0001_initial_schema.sql)
2026-09-09 08:10:15,700 INFO applying index migration 0002 (0002_entity_graph.sql)
2026-09-09 08:10:15,703 INFO applying index migration 0003 (0003_taxonomy_corrections.sql)
2026-09-09 08:10:15,705 INFO applying index migration 0004 (0004_memory_indexes.sql)
2026-09-09 08:10:15,707 INFO applying index migration 0005 (0005_pending_yoinks.sql)
2026-09-09 08:10:15,708 INFO applying index migration 0006 (0006_v2_schema.sql)
2026-09-09 08:10:15,712 INFO applying index migration 0007 (0007_p4_workspaces.sql)
2026-09-09 08:10:15,713 INFO applying index migration 0008 (0008_a2_claims.sql)
2026-09-09 08:10:15,715 INFO applying index migration 0009 (0009_p5_scripts.sql)
2026-09-09 08:10:15,716 INFO applying index migration 0010 (0010_podcast_feeds.sql)
2026-09-09 08:10:15,719 INFO applying index migration 0011 (0011_podcast_audio.sql)
2026-09-09 08:10:15,723 INFO applying index migration 0012 (0012_whisper_transcripts.sql)
2026-09-09 08:10:15,726 INFO applying index migration 0013 (0013_monitored_playlists.sql)
2026-09-09 08:10:15,727 INFO applying index migration 0014 (0014_writing_studio.sql)
2026-09-09 08:10:15,730 INFO applying index migration 0015 (0015_universal_site.sql)
2026-09-09 08:10:15,732 INFO applying index migration 0016 (0016_default_style_anchors.sql)
2026-09-09 08:10:15,734 INFO applying index migration 0017 (0017_pending_long_video_mode.sql)
2026-09-09 08:10:15,736 INFO applying index migration 0018 (0018_writing_drafts.sql)
2026-09-09 08:10:15,739 INFO applying index migration 0019 (0019_auto_uoink.sql)
2026-09-09 08:10:15,741 INFO applying index migration 0020 (0020_platform_author.sql)
2026-09-09 08:10:15,744 INFO applying index migration 0021 (0021_suite_engagement.sql)
2026-09-09 08:10:15,746 INFO applying index migration 0022 (0022_podcast_corpus.sql)
2026-09-09 08:10:15,750 INFO applying index migration 0023 (0023_podcast_watch.sql)
2026-09-09 08:10:15,753 INFO applying index migration 0024 (0024_clips.sql)
2026-09-09 08:10:15,755 INFO applying index migration 0025 (0025_source_type_backfill.sql)
2026-09-09 08:10:15,756 INFO applying index migration 0026 (0026_provenance_precedence.sql)
2026-09-09 08:10:15,759 INFO applying index migration 0027 (0027_library_substrate.sql)
2026-09-09 08:10:15,763 INFO applying index migration 0028 (0028_source_subscriptions.sql)
2026-09-09 08:10:15,765 INFO applying index migration 0030 (0030_media_depth.sql)
2026-09-09 08:10:15,796 ERROR mirror ledger update failed for capture
Traceback (most recent call last):
  File "E:\AI\projects\uoink\checkouts\Yoink-library\library_mirror.py", line 1595, in launch
    proc = subprocess.Popen(
        [sys.executable, "-B", worker],
        **kwargs,
    )
  File "C:\Python314\Lib\subprocess.py", line 1039, in __init__
    self._execute_child(args, executable, preexec_fn, close_fds,
    ~~~~~~~~~~~~~~~~~~~^^^^^^^^^^^^^^^^^^^^^^^^^^^^^^^^^^^^^^^^^
                        pass_fds, cwd, env,
                        ^^^^^^^^^^^^^^^^^^^
    ...<5 lines>...
                        gid, gids, uid, umask,
                        ^^^^^^^^^^^^^^^^^^^^^^
                        start_new_session, process_group)
                        ^^^^^^^^^^^^^^^^^^^^^^^^^^^^^^^^^
  File "C:\Python314\Lib\subprocess.py", line 1549, in _execute_child
    sys.audit("subprocess.Popen", executable, args, cwd, env)
    ~~~~~~~~~^^^^^^^^^^^^^^^^^^^^^^^^^^^^^^^^^^^^^^^^^^^^^^^^
  File "E:\AI\projects\uoink\checkouts\Yoink-library\tests\library_work_astra\run_phase3_companions.py", line 84, in audit
    deny(event, args[0])
    ~~~~^^^^^^^^^^^^^^^^
  File "E:\AI\projects\uoink\checkouts\Yoink-library\tests\library_work_astra\run_phase3_companions.py", line 53, in deny
    raise AssertionError('AS6 blocked ' + event + ': ' + str(detail))
AssertionError: AS6 blocked subprocess.Popen: None

The above exception was the direct cause of the following exception:

Traceback (most recent call last):
  File "E:\AI\projects\uoink\checkouts\Yoink-library\library_mirror.py", line 2212, in on_committed_event
    self._record_event(kind, video_id=video_id, shelf_id=shelf_id, brief_hash=brief_hash)
    ~~~~~~~~~~~~~~~~~~^^^^^^^^^^^^^^^^^^^^^^^^^^^^^^^^^^^^^^^^^^^^^^^^^^^^^^^^^^^^^^^^^^^
  File "E:\AI\projects\uoink\checkouts\Yoink-library\library_mirror.py", line 3026, in _record_event
    self._save_ledger(ledger)
    ~~~~~~~~~~~~~~~~~^^^^^^^^
  File "E:\AI\projects\uoink\checkouts\Yoink-library\library_mirror.py", line 2789, in _save_ledger
    self._atomic_local(path, payload)
    ~~~~~~~~~~~~~~~~~~^^^^^^^^^^^^^^^
  File "E:\AI\projects\uoink\checkouts\Yoink-library\library_mirror.py", line 2874, in _atomic_local
    _with_isolated_lease_session(
    ~~~~~~~~~~~~~~~~~~~~~~~~~~~~^
        dest, lambda sess: sess.local_put(str(path), data),
        ^^^^^^^^^^^^^^^^^^^^^^^^^^^^^^^^^^^^^^^^^^^^^^^^^^^
    )
    ^
  File "E:\AI\projects\uoink\checkouts\Yoink-library\library_mirror.py", line 805, in _with_isolated_lease_session
    session = _VaultIoSession.start(dest)
  File "E:\AI\projects\uoink\checkouts\Yoink-library\library_mirror.py", line 1526, in start
    session.launch()
    ~~~~~~~~~~~~~~^^
  File "E:\AI\projects\uoink\checkouts\Yoink-library\library_mirror.py", line 1607, in launch
    raise OSError("vault io worker failed to start") from exc
OSError: vault io worker failed to start
F2026-09-09 08:10:15,826 INFO applying index migration 0001 (0001_initial_schema.sql)
2026-09-09 08:10:15,832 INFO applying index migration 0002 (0002_entity_graph.sql)
2026-09-09 08:10:15,833 INFO applying index migration 0003 (0003_taxonomy_corrections.sql)
2026-09-09 08:10:15,836 INFO applying index migration 0004 (0004_memory_indexes.sql)
2026-09-09 08:10:15,838 INFO applying index migration 0005 (0005_pending_yoinks.sql)
2026-09-09 08:10:15,839 INFO applying index migration 0006 (0006_v2_schema.sql)
2026-09-09 08:10:15,842 INFO applying index migration 0007 (0007_p4_workspaces.sql)
2026-09-09 08:10:15,845 INFO applying index migration 0008 (0008_a2_claims.sql)
2026-09-09 08:10:15,846 INFO applying index migration 0009 (0009_p5_scripts.sql)
2026-09-09 08:10:15,848 INFO applying index migration 0010 (0010_podcast_feeds.sql)
2026-09-09 08:10:15,850 INFO applying index migration 0011 (0011_podcast_audio.sql)
2026-09-09 08:10:15,853 INFO applying index migration 0012 (0012_whisper_transcripts.sql)
2026-09-09 08:10:15,857 INFO applying index migration 0013 (0013_monitored_playlists.sql)
2026-09-09 08:10:15,858 INFO applying index migration 0014 (0014_writing_studio.sql)
2026-09-09 08:10:15,860 INFO applying index migration 0015 (0015_universal_site.sql)
2026-09-09 08:10:15,863 INFO applying index migration 0016 (0016_default_style_anchors.sql)
2026-09-09 08:10:15,865 INFO applying index migration 0017 (0017_pending_long_video_mode.sql)
2026-09-09 08:10:15,866 INFO applying index migration 0018 (0018_writing_drafts.sql)
2026-09-09 08:10:15,868 INFO applying index migration 0019 (0019_auto_uoink.sql)
2026-09-09 08:10:15,871 INFO applying index migration 0020 (0020_platform_author.sql)
2026-09-09 08:10:15,873 INFO applying index migration 0021 (0021_suite_engagement.sql)
2026-09-09 08:10:15,875 INFO applying index migration 0022 (0022_podcast_corpus.sql)
2026-09-09 08:10:15,877 INFO applying index migration 0023 (0023_podcast_watch.sql)
2026-09-09 08:10:15,881 INFO applying index migration 0024 (0024_clips.sql)
2026-09-09 08:10:15,883 INFO applying index migration 0025 (0025_source_type_backfill.sql)
2026-09-09 08:10:15,885 INFO applying index migration 0026 (0026_provenance_precedence.sql)
2026-09-09 08:10:15,887 INFO applying index migration 0027 (0027_library_substrate.sql)
2026-09-09 08:10:15,890 INFO applying index migration 0028 (0028_source_subscriptions.sql)
2026-09-09 08:10:15,893 INFO applying index migration 0030 (0030_media_depth.sql)
2026-09-09 08:10:15,915 ERROR mirror ledger update failed for capture
Traceback (most recent call last):
  File "E:\AI\projects\uoink\checkouts\Yoink-library\library_mirror.py", line 1595, in launch
    proc = subprocess.Popen(
        [sys.executable, "-B", worker],
        **kwargs,
    )
  File "C:\Python314\Lib\subprocess.py", line 1039, in __init__
    self._execute_child(args, executable, preexec_fn, close_fds,
    ~~~~~~~~~~~~~~~~~~~^^^^^^^^^^^^^^^^^^^^^^^^^^^^^^^^^^^^^^^^^
                        pass_fds, cwd, env,
                        ^^^^^^^^^^^^^^^^^^^
    ...<5 lines>...
                        gid, gids, uid, umask,
                        ^^^^^^^^^^^^^^^^^^^^^^
                        start_new_session, process_group)
                        ^^^^^^^^^^^^^^^^^^^^^^^^^^^^^^^^^
  File "C:\Python314\Lib\subprocess.py", line 1549, in _execute_child
    sys.audit("subprocess.Popen", executable, args, cwd, env)
    ~~~~~~~~~^^^^^^^^^^^^^^^^^^^^^^^^^^^^^^^^^^^^^^^^^^^^^^^^
  File "E:\AI\projects\uoink\checkouts\Yoink-library\tests\library_work_astra\run_phase3_companions.py", line 84, in audit
    deny(event, args[0])
    ~~~~^^^^^^^^^^^^^^^^
  File "E:\AI\projects\uoink\checkouts\Yoink-library\tests\library_work_astra\run_phase3_companions.py", line 53, in deny
    raise AssertionError('AS6 blocked ' + event + ': ' + str(detail))
AssertionError: AS6 blocked subprocess.Popen: None

The above exception was the direct cause of the following exception:

Traceback (most recent call last):
  File "E:\AI\projects\uoink\checkouts\Yoink-library\library_mirror.py", line 2212, in on_committed_event
    self._record_event(kind, video_id=video_id, shelf_id=shelf_id, brief_hash=brief_hash)
    ~~~~~~~~~~~~~~~~~~^^^^^^^^^^^^^^^^^^^^^^^^^^^^^^^^^^^^^^^^^^^^^^^^^^^^^^^^^^^^^^^^^^^
  File "E:\AI\projects\uoink\checkouts\Yoink-library\library_mirror.py", line 3026, in _record_event
    self._save_ledger(ledger)
    ~~~~~~~~~~~~~~~~~^^^^^^^^
  File "E:\AI\projects\uoink\checkouts\Yoink-library\library_mirror.py", line 2789, in _save_ledger
    self._atomic_local(path, payload)
    ~~~~~~~~~~~~~~~~~~^^^^^^^^^^^^^^^
  File "E:\AI\projects\uoink\checkouts\Yoink-library\library_mirror.py", line 2874, in _atomic_local
    _with_isolated_lease_session(
    ~~~~~~~~~~~~~~~~~~~~~~~~~~~~^
        dest, lambda sess: sess.local_put(str(path), data),
        ^^^^^^^^^^^^^^^^^^^^^^^^^^^^^^^^^^^^^^^^^^^^^^^^^^^
    )
    ^
  File "E:\AI\projects\uoink\checkouts\Yoink-library\library_mirror.py", line 805, in _with_isolated_lease_session
    session = _VaultIoSession.start(dest)
  File "E:\AI\projects\uoink\checkouts\Yoink-library\library_mirror.py", line 1526, in start
    session.launch()
    ~~~~~~~~~~~~~~^^
  File "E:\AI\projects\uoink\checkouts\Yoink-library\library_mirror.py", line 1607, in launch
    raise OSError("vault io worker failed to start") from exc
OSError: vault io worker failed to start
F2026-09-09 08:10:15,944 INFO applying index migration 0001 (0001_initial_schema.sql)
2026-09-09 08:10:15,949 INFO applying index migration 0002 (0002_entity_graph.sql)
2026-09-09 08:10:15,950 INFO applying index migration 0003 (0003_taxonomy_corrections.sql)
2026-09-09 08:10:15,953 INFO applying index migration 0004 (0004_memory_indexes.sql)
2026-09-09 08:10:15,955 INFO applying index migration 0005 (0005_pending_yoinks.sql)
2026-09-09 08:10:15,956 INFO applying index migration 0006 (0006_v2_schema.sql)
2026-09-09 08:10:15,959 INFO applying index migration 0007 (0007_p4_workspaces.sql)
2026-09-09 08:10:15,962 INFO applying index migration 0008 (0008_a2_claims.sql)
2026-09-09 08:10:15,964 INFO applying index migration 0009 (0009_p5_scripts.sql)
2026-09-09 08:10:15,966 INFO applying index migration 0010 (0010_podcast_feeds.sql)
2026-09-09 08:10:15,967 INFO applying index migration 0011 (0011_podcast_audio.sql)
2026-09-09 08:10:15,971 INFO applying index migration 0012 (0012_whisper_transcripts.sql)
2026-09-09 08:10:15,974 INFO applying index migration 0013 (0013_monitored_playlists.sql)
2026-09-09 08:10:15,975 INFO applying index migration 0014 (0014_writing_studio.sql)
2026-09-09 08:10:15,977 INFO applying index migration 0015 (0015_universal_site.sql)
2026-09-09 08:10:15,980 INFO applying index migration 0016 (0016_default_style_anchors.sql)
2026-09-09 08:10:15,982 INFO applying index migration 0017 (0017_pending_long_video_mode.sql)
2026-09-09 08:10:15,984 INFO applying index migration 0018 (0018_writing_drafts.sql)
2026-09-09 08:10:15,986 INFO applying index migration 0019 (0019_auto_uoink.sql)
2026-09-09 08:10:15,989 INFO applying index migration 0020 (0020_platform_author.sql)
2026-09-09 08:10:15,991 INFO applying index migration 0021 (0021_suite_engagement.sql)
2026-09-09 08:10:15,993 INFO applying index migration 0022 (0022_podcast_corpus.sql)
2026-09-09 08:10:15,996 INFO applying index migration 0023 (0023_podcast_watch.sql)
2026-09-09 08:10:15,999 INFO applying index migration 0024 (0024_clips.sql)
2026-09-09 08:10:16,001 INFO applying index migration 0025 (0025_source_type_backfill.sql)
2026-09-09 08:10:16,003 INFO applying index migration 0026 (0026_provenance_precedence.sql)
2026-09-09 08:10:16,005 INFO applying index migration 0027 (0027_library_substrate.sql)
2026-09-09 08:10:16,009 INFO applying index migration 0028 (0028_source_subscriptions.sql)
2026-09-09 08:10:16,012 INFO applying index migration 0030 (0030_media_depth.sql)
.                                         [100%]
================================== FAILURES ===================================
________________ test_baseline_owned_export_and_brief_are_real ________________
tests\library_work_astra\test_phase4_aw_acceptance.py:103: in test_baseline_owned_export_and_brief_are_real
    export(env)
tests\library_work_astra\test_phase4_aw_acceptance.py:65: in export
    assert result["ok"], result
E   AssertionError: {'ok': False, 'schema_version': 1, 'contract_version': 'phase4-v1-2026-09-08', 'error': {'code': 'destination_unavailable', 'message': 'The mirror destination is unavailable.', 'retryable': True, 'details': {'reason': 'OSError'}}, ...}
E   assert False
----------------------------- Captured log setup ------------------------------
INFO     uoink.index:index.py:244 applying index migration 0001 (0001_initial_schema.sql)
INFO     uoink.index:index.py:244 applying index migration 0002 (0002_entity_graph.sql)
INFO     uoink.index:index.py:244 applying index migration 0003 (0003_taxonomy_corrections.sql)
INFO     uoink.index:index.py:244 applying index migration 0004 (0004_memory_indexes.sql)
INFO     uoink.index:index.py:244 applying index migration 0005 (0005_pending_yoinks.sql)
INFO     uoink.index:index.py:244 applying index migration 0006 (0006_v2_schema.sql)
INFO     uoink.index:index.py:244 applying index migration 0007 (0007_p4_workspaces.sql)
INFO     uoink.index:index.py:244 applying index migration 0008 (0008_a2_claims.sql)
INFO     uoink.index:index.py:244 applying index migration 0009 (0009_p5_scripts.sql)
INFO     uoink.index:index.py:244 applying index migration 0010 (0010_podcast_feeds.sql)
INFO     uoink.index:index.py:244 applying index migration 0011 (0011_podcast_audio.sql)
INFO     uoink.index:index.py:244 applying index migration 0012 (0012_whisper_transcripts.sql)
INFO     uoink.index:index.py:244 applying index migration 0013 (0013_monitored_playlists.sql)
INFO     uoink.index:index.py:244 applying index migration 0014 (0014_writing_studio.sql)
INFO     uoink.index:index.py:244 applying index migration 0015 (0015_universal_site.sql)
INFO     uoink.index:index.py:244 applying index migration 0016 (0016_default_style_anchors.sql)
INFO     uoink.index:index.py:244 applying index migration 0017 (0017_pending_long_video_mode.sql)
INFO     uoink.index:index.py:244 applying index migration 0018 (0018_writing_drafts.sql)
INFO     uoink.index:index.py:244 applying index migration 0019 (0019_auto_uoink.sql)
INFO     uoink.index:index.py:244 applying index migration 0020 (0020_platform_author.sql)
INFO     uoink.index:index.py:244 applying index migration 0021 (0021_suite_engagement.sql)
INFO     uoink.index:index.py:244 applying index migration 0022 (0022_podcast_corpus.sql)
INFO     uoink.index:index.py:244 applying index migration 0023 (0023_podcast_watch.sql)
INFO     uoink.index:index.py:244 applying index migration 0024 (0024_clips.sql)
INFO     uoink.index:index.py:244 applying index migration 0025 (0025_source_type_backfill.sql)
INFO     uoink.index:index.py:244 applying index migration 0026 (0026_provenance_precedence.sql)
INFO     uoink.index:index.py:244 applying index migration 0027 (0027_library_substrate.sql)
INFO     uoink.index:index.py:244 applying index migration 0028 (0028_source_subscriptions.sql)
INFO     uoink.index:index.py:244 applying index migration 0030 (0030_media_depth.sql)
------------------------------ Captured log call ------------------------------
ERROR    uoink.library_mirror:library_mirror.py:2214 mirror ledger update failed for capture
Traceback (most recent call last):
  File "E:\AI\projects\uoink\checkouts\Yoink-library\library_mirror.py", line 1595, in launch
    proc = subprocess.Popen(
        [sys.executable, "-B", worker],
        **kwargs,
    )
  File "C:\Python314\Lib\subprocess.py", line 1039, in __init__
    self._execute_child(args, executable, preexec_fn, close_fds,
    ~~~~~~~~~~~~~~~~~~~^^^^^^^^^^^^^^^^^^^^^^^^^^^^^^^^^^^^^^^^^
                        pass_fds, cwd, env,
                        ^^^^^^^^^^^^^^^^^^^
    ...<5 lines>...
                        gid, gids, uid, umask,
                        ^^^^^^^^^^^^^^^^^^^^^^
                        start_new_session, process_group)
                        ^^^^^^^^^^^^^^^^^^^^^^^^^^^^^^^^^
  File "C:\Python314\Lib\subprocess.py", line 1549, in _execute_child
    sys.audit("subprocess.Popen", executable, args, cwd, env)
    ~~~~~~~~~^^^^^^^^^^^^^^^^^^^^^^^^^^^^^^^^^^^^^^^^^^^^^^^^
  File "E:\AI\projects\uoink\checkouts\Yoink-library\tests\library_work_astra\run_phase3_companions.py", line 84, in audit
    deny(event, args[0])
    ~~~~^^^^^^^^^^^^^^^^
  File "E:\AI\projects\uoink\checkouts\Yoink-library\tests\library_work_astra\run_phase3_companions.py", line 53, in deny
    raise AssertionError('AS6 blocked ' + event + ': ' + str(detail))
AssertionError: AS6 blocked subprocess.Popen: None

The above exception was the direct cause of the following exception:

Traceback (most recent call last):
  File "E:\AI\projects\uoink\checkouts\Yoink-library\library_mirror.py", line 2212, in on_committed_event
    self._record_event(kind, video_id=video_id, shelf_id=shelf_id, brief_hash=brief_hash)
    ~~~~~~~~~~~~~~~~~~^^^^^^^^^^^^^^^^^^^^^^^^^^^^^^^^^^^^^^^^^^^^^^^^^^^^^^^^^^^^^^^^^^^
  File "E:\AI\projects\uoink\checkouts\Yoink-library\library_mirror.py", line 3026, in _record_event
    self._save_ledger(ledger)
    ~~~~~~~~~~~~~~~~~^^^^^^^^
  File "E:\AI\projects\uoink\checkouts\Yoink-library\library_mirror.py", line 2789, in _save_ledger
    self._atomic_local(path, payload)
    ~~~~~~~~~~~~~~~~~~^^^^^^^^^^^^^^^
  File "E:\AI\projects\uoink\checkouts\Yoink-library\library_mirror.py", line 2874, in _atomic_local
    _with_isolated_lease_session(
    ~~~~~~~~~~~~~~~~~~~~~~~~~~~~^
        dest, lambda sess: sess.local_put(str(path), data),
        ^^^^^^^^^^^^^^^^^^^^^^^^^^^^^^^^^^^^^^^^^^^^^^^^^^^
    )
    ^
  File "E:\AI\projects\uoink\checkouts\Yoink-library\library_mirror.py", line 805, in _with_isolated_lease_session
    session = _VaultIoSession.start(dest)
  File "E:\AI\projects\uoink\checkouts\Yoink-library\library_mirror.py", line 1526, in start
    session.launch()
    ~~~~~~~~~~~~~~^^
  File "E:\AI\projects\uoink\checkouts\Yoink-library\library_mirror.py", line 1607, in launch
    raise OSError("vault io worker failed to start") from exc
OSError: vault io worker failed to start
_______ test_resync_rebuilds_from_current_sources_without_prior_events ________
tests\library_work_astra\test_phase4_aw_acceptance.py:278: in test_resync_rebuilds_from_current_sources_without_prior_events
    assert item_file(env).exists() and item_file(env, "b").exists(), result
E   AssertionError: {'ok': False, 'schema_version': 1, 'contract_version': 'phase4-v1-2026-09-08', 'error': {'code': 'destination_unavailable', 'message': 'The mirror destination is unavailable.', 'retryable': True, 'details': {'reason': 'OSError'}}, ...}
E   assert (False)
E    +  where False = exists()
E    +    where exists = WindowsPath('E:/AI/projects/uoink/checkouts/Yoink-library/_scratch/r7uu3hx6/t/a13/v/Uoink/Library/ca978112ca1bbdcafac231b39a23dc4da786eff8147c4e72b9807785afee48bb.md').exists
E    +      where WindowsPath('E:/AI/projects/uoink/checkouts/Yoink-library/_scratch/r7uu3hx6/t/a13/v/Uoink/Library/ca978112ca1bbdcafac231b39a23dc4da786eff8147c4e72b9807785afee48bb.md') = item_file(namespace(root=WindowsPath('E:/AI/projects/uoink/checkouts/Yoink-library/_scratch/r7uu3hx6/t/a13'), idx=<index.Index o...uoink/checkouts/Yoink-library/_scratch/r7uu3hx6/t/a13/v'), mirror=<library_mirror.Mirror object at 0x000002A2FCB80410>))
----------------------------- Captured log setup ------------------------------
INFO     uoink.index:index.py:244 applying index migration 0001 (0001_initial_schema.sql)
INFO     uoink.index:index.py:244 applying index migration 0002 (0002_entity_graph.sql)
INFO     uoink.index:index.py:244 applying index migration 0003 (0003_taxonomy_corrections.sql)
INFO     uoink.index:index.py:244 applying index migration 0004 (0004_memory_indexes.sql)
INFO     uoink.index:index.py:244 applying index migration 0005 (0005_pending_yoinks.sql)
INFO     uoink.index:index.py:244 applying index migration 0006 (0006_v2_schema.sql)
INFO     uoink.index:index.py:244 applying index migration 0007 (0007_p4_workspaces.sql)
INFO     uoink.index:index.py:244 applying index migration 0008 (0008_a2_claims.sql)
INFO     uoink.index:index.py:244 applying index migration 0009 (0009_p5_scripts.sql)
INFO     uoink.index:index.py:244 applying index migration 0010 (0010_podcast_feeds.sql)
INFO     uoink.index:index.py:244 applying index migration 0011 (0011_podcast_audio.sql)
INFO     uoink.index:index.py:244 applying index migration 0012 (0012_whisper_transcripts.sql)
INFO     uoink.index:index.py:244 applying index migration 0013 (0013_monitored_playlists.sql)
INFO     uoink.index:index.py:244 applying index migration 0014 (0014_writing_studio.sql)
INFO     uoink.index:index.py:244 applying index migration 0015 (0015_universal_site.sql)
INFO     uoink.index:index.py:244 applying index migration 0016 (0016_default_style_anchors.sql)
INFO     uoink.index:index.py:244 applying index migration 0017 (0017_pending_long_video_mode.sql)
INFO     uoink.index:index.py:244 applying index migration 0018 (0018_writing_drafts.sql)
INFO     uoink.index:index.py:244 applying index migration 0019 (0019_auto_uoink.sql)
INFO     uoink.index:index.py:244 applying index migration 0020 (0020_platform_author.sql)
INFO     uoink.index:index.py:244 applying index migration 0021 (0021_suite_engagement.sql)
INFO     uoink.index:index.py:244 applying index migration 0022 (0022_podcast_corpus.sql)
INFO     uoink.index:index.py:244 applying index migration 0023 (0023_podcast_watch.sql)
INFO     uoink.index:index.py:244 applying index migration 0024 (0024_clips.sql)
INFO     uoink.index:index.py:244 applying index migration 0025 (0025_source_type_backfill.sql)
INFO     uoink.index:index.py:244 applying index migration 0026 (0026_provenance_precedence.sql)
INFO     uoink.index:index.py:244 applying index migration 0027 (0027_library_substrate.sql)
INFO     uoink.index:index.py:244 applying index migration 0028 (0028_source_subscriptions.sql)
INFO     uoink.index:index.py:244 applying index migration 0030 (0030_media_depth.sql)
____ test_bulk_wiring_events_schedule_current_derivatives[source_refresh] _____
tests\library_work_astra\test_phase4_aw_acceptance.py:283: in test_bulk_wiring_events_schedule_current_derivatives
    export(env)
tests\library_work_astra\test_phase4_aw_acceptance.py:65: in export
    assert result["ok"], result
E   AssertionError: {'ok': False, 'schema_version': 1, 'contract_version': 'phase4-v1-2026-09-08', 'error': {'code': 'destination_unavailable', 'message': 'The mirror destination is unavailable.', 'retryable': True, 'details': {'reason': 'OSError'}}, ...}
E   assert False
----------------------------- Captured log setup ------------------------------
INFO     uoink.index:index.py:244 applying index migration 0001 (0001_initial_schema.sql)
INFO     uoink.index:index.py:244 applying index migration 0002 (0002_entity_graph.sql)
INFO     uoink.index:index.py:244 applying index migration 0003 (0003_taxonomy_corrections.sql)
INFO     uoink.index:index.py:244 applying index migration 0004 (0004_memory_indexes.sql)
INFO     uoink.index:index.py:244 applying index migration 0005 (0005_pending_yoinks.sql)
INFO     uoink.index:index.py:244 applying index migration 0006 (0006_v2_schema.sql)
INFO     uoink.index:index.py:244 applying index migration 0007 (0007_p4_workspaces.sql)
INFO     uoink.index:index.py:244 applying index migration 0008 (0008_a2_claims.sql)
INFO     uoink.index:index.py:244 applying index migration 0009 (0009_p5_scripts.sql)
INFO     uoink.index:index.py:244 applying index migration 0010 (0010_podcast_feeds.sql)
INFO     uoink.index:index.py:244 applying index migration 0011 (0011_podcast_audio.sql)
INFO     uoink.index:index.py:244 applying index migration 0012 (0012_whisper_transcripts.sql)
INFO     uoink.index:index.py:244 applying index migration 0013 (0013_monitored_playlists.sql)
INFO     uoink.index:index.py:244 applying index migration 0014 (0014_writing_studio.sql)
INFO     uoink.index:index.py:244 applying index migration 0015 (0015_universal_site.sql)
INFO     uoink.index:index.py:244 applying index migration 0016 (0016_default_style_anchors.sql)
INFO     uoink.index:index.py:244 applying index migration 0017 (0017_pending_long_video_mode.sql)
INFO     uoink.index:index.py:244 applying index migration 0018 (0018_writing_drafts.sql)
INFO     uoink.index:index.py:244 applying index migration 0019 (0019_auto_uoink.sql)
INFO     uoink.index:index.py:244 applying index migration 0020 (0020_platform_author.sql)
INFO     uoink.index:index.py:244 applying index migration 0021 (0021_suite_engagement.sql)
INFO     uoink.index:index.py:244 applying index migration 0022 (0022_podcast_corpus.sql)
INFO     uoink.index:index.py:244 applying index migration 0023 (0023_podcast_watch.sql)
INFO     uoink.index:index.py:244 applying index migration 0024 (0024_clips.sql)
INFO     uoink.index:index.py:244 applying index migration 0025 (0025_source_type_backfill.sql)
INFO     uoink.index:index.py:244 applying index migration 0026 (0026_provenance_precedence.sql)
INFO     uoink.index:index.py:244 applying index migration 0027 (0027_library_substrate.sql)
INFO     uoink.index:index.py:244 applying index migration 0028 (0028_source_subscriptions.sql)
INFO     uoink.index:index.py:244 applying index migration 0030 (0030_media_depth.sql)
------------------------------ Captured log call ------------------------------
ERROR    uoink.library_mirror:library_mirror.py:2214 mirror ledger update failed for capture
Traceback (most recent call last):
  File "E:\AI\projects\uoink\checkouts\Yoink-library\library_mirror.py", line 1595, in launch
    proc = subprocess.Popen(
        [sys.executable, "-B", worker],
        **kwargs,
    )
  File "C:\Python314\Lib\subprocess.py", line 1039, in __init__
    self._execute_child(args, executable, preexec_fn, close_fds,
    ~~~~~~~~~~~~~~~~~~~^^^^^^^^^^^^^^^^^^^^^^^^^^^^^^^^^^^^^^^^^
                        pass_fds, cwd, env,
                        ^^^^^^^^^^^^^^^^^^^
    ...<5 lines>...
                        gid, gids, uid, umask,
                        ^^^^^^^^^^^^^^^^^^^^^^
                        start_new_session, process_group)
                        ^^^^^^^^^^^^^^^^^^^^^^^^^^^^^^^^^
  File "C:\Python314\Lib\subprocess.py", line 1549, in _execute_child
    sys.audit("subprocess.Popen", executable, args, cwd, env)
    ~~~~~~~~~^^^^^^^^^^^^^^^^^^^^^^^^^^^^^^^^^^^^^^^^^^^^^^^^
  File "E:\AI\projects\uoink\checkouts\Yoink-library\tests\library_work_astra\run_phase3_companions.py", line 84, in audit
    deny(event, args[0])
    ~~~~^^^^^^^^^^^^^^^^
  File "E:\AI\projects\uoink\checkouts\Yoink-library\tests\library_work_astra\run_phase3_companions.py", line 53, in deny
    raise AssertionError('AS6 blocked ' + event + ': ' + str(detail))
AssertionError: AS6 blocked subprocess.Popen: None

The above exception was the direct cause of the following exception:

Traceback (most recent call last):
  File "E:\AI\projects\uoink\checkouts\Yoink-library\library_mirror.py", line 2212, in on_committed_event
    self._record_event(kind, video_id=video_id, shelf_id=shelf_id, brief_hash=brief_hash)
    ~~~~~~~~~~~~~~~~~~^^^^^^^^^^^^^^^^^^^^^^^^^^^^^^^^^^^^^^^^^^^^^^^^^^^^^^^^^^^^^^^^^^^
  File "E:\AI\projects\uoink\checkouts\Yoink-library\library_mirror.py", line 3026, in _record_event
    self._save_ledger(ledger)
    ~~~~~~~~~~~~~~~~~^^^^^^^^
  File "E:\AI\projects\uoink\checkouts\Yoink-library\library_mirror.py", line 2789, in _save_ledger
    self._atomic_local(path, payload)
    ~~~~~~~~~~~~~~~~~~^^^^^^^^^^^^^^^
  File "E:\AI\projects\uoink\checkouts\Yoink-library\library_mirror.py", line 2874, in _atomic_local
    _with_isolated_lease_session(
    ~~~~~~~~~~~~~~~~~~~~~~~~~~~~^
        dest, lambda sess: sess.local_put(str(path), data),
        ^^^^^^^^^^^^^^^^^^^^^^^^^^^^^^^^^^^^^^^^^^^^^^^^^^^
    )
    ^
  File "E:\AI\projects\uoink\checkouts\Yoink-library\library_mirror.py", line 805, in _with_isolated_lease_session
    session = _VaultIoSession.start(dest)
  File "E:\AI\projects\uoink\checkouts\Yoink-library\library_mirror.py", line 1526, in start
    session.launch()
    ~~~~~~~~~~~~~~^^
  File "E:\AI\projects\uoink\checkouts\Yoink-library\library_mirror.py", line 1607, in launch
    raise OSError("vault io worker failed to start") from exc
OSError: vault io worker failed to start
_________ test_bulk_wiring_events_schedule_current_derivatives[apply] _________
tests\library_work_astra\test_phase4_aw_acceptance.py:283: in test_bulk_wiring_events_schedule_current_derivatives
    export(env)
tests\library_work_astra\test_phase4_aw_acceptance.py:65: in export
    assert result["ok"], result
E   AssertionError: {'ok': False, 'schema_version': 1, 'contract_version': 'phase4-v1-2026-09-08', 'error': {'code': 'destination_unavailable', 'message': 'The mirror destination is unavailable.', 'retryable': True, 'details': {'reason': 'OSError'}}, ...}
E   assert False
----------------------------- Captured log setup ------------------------------
INFO     uoink.index:index.py:244 applying index migration 0001 (0001_initial_schema.sql)
INFO     uoink.index:index.py:244 applying index migration 0002 (0002_entity_graph.sql)
INFO     uoink.index:index.py:244 applying index migration 0003 (0003_taxonomy_corrections.sql)
INFO     uoink.index:index.py:244 applying index migration 0004 (0004_memory_indexes.sql)
INFO     uoink.index:index.py:244 applying index migration 0005 (0005_pending_yoinks.sql)
INFO     uoink.index:index.py:244 applying index migration 0006 (0006_v2_schema.sql)
INFO     uoink.index:index.py:244 applying index migration 0007 (0007_p4_workspaces.sql)
INFO     uoink.index:index.py:244 applying index migration 0008 (0008_a2_claims.sql)
INFO     uoink.index:index.py:244 applying index migration 0009 (0009_p5_scripts.sql)
INFO     uoink.index:index.py:244 applying index migration 0010 (0010_podcast_feeds.sql)
INFO     uoink.index:index.py:244 applying index migration 0011 (0011_podcast_audio.sql)
INFO     uoink.index:index.py:244 applying index migration 0012 (0012_whisper_transcripts.sql)
INFO     uoink.index:index.py:244 applying index migration 0013 (0013_monitored_playlists.sql)
INFO     uoink.index:index.py:244 applying index migration 0014 (0014_writing_studio.sql)
INFO     uoink.index:index.py:244 applying index migration 0015 (0015_universal_site.sql)
INFO     uoink.index:index.py:244 applying index migration 0016 (0016_default_style_anchors.sql)
INFO     uoink.index:index.py:244 applying index migration 0017 (0017_pending_long_video_mode.sql)
INFO     uoink.index:index.py:244 applying index migration 0018 (0018_writing_drafts.sql)
INFO     uoink.index:index.py:244 applying index migration 0019 (0019_auto_uoink.sql)
INFO     uoink.index:index.py:244 applying index migration 0020 (0020_platform_author.sql)
INFO     uoink.index:index.py:244 applying index migration 0021 (0021_suite_engagement.sql)
INFO     uoink.index:index.py:244 applying index migration 0022 (0022_podcast_corpus.sql)
INFO     uoink.index:index.py:244 applying index migration 0023 (0023_podcast_watch.sql)
INFO     uoink.index:index.py:244 applying index migration 0024 (0024_clips.sql)
INFO     uoink.index:index.py:244 applying index migration 0025 (0025_source_type_backfill.sql)
INFO     uoink.index:index.py:244 applying index migration 0026 (0026_provenance_precedence.sql)
INFO     uoink.index:index.py:244 applying index migration 0027 (0027_library_substrate.sql)
INFO     uoink.index:index.py:244 applying index migration 0028 (0028_source_subscriptions.sql)
INFO     uoink.index:index.py:244 applying index migration 0030 (0030_media_depth.sql)
------------------------------ Captured log call ------------------------------
ERROR    uoink.library_mirror:library_mirror.py:2214 mirror ledger update failed for capture
Traceback (most recent call last):
  File "E:\AI\projects\uoink\checkouts\Yoink-library\library_mirror.py", line 1595, in launch
    proc = subprocess.Popen(
        [sys.executable, "-B", worker],
        **kwargs,
    )
  File "C:\Python314\Lib\subprocess.py", line 1039, in __init__
    self._execute_child(args, executable, preexec_fn, close_fds,
    ~~~~~~~~~~~~~~~~~~~^^^^^^^^^^^^^^^^^^^^^^^^^^^^^^^^^^^^^^^^^
                        pass_fds, cwd, env,
                        ^^^^^^^^^^^^^^^^^^^
    ...<5 lines>...
                        gid, gids, uid, umask,
                        ^^^^^^^^^^^^^^^^^^^^^^
                        start_new_session, process_group)
                        ^^^^^^^^^^^^^^^^^^^^^^^^^^^^^^^^^
  File "C:\Python314\Lib\subprocess.py", line 1549, in _execute_child
    sys.audit("subprocess.Popen", executable, args, cwd, env)
    ~~~~~~~~~^^^^^^^^^^^^^^^^^^^^^^^^^^^^^^^^^^^^^^^^^^^^^^^^
  File "E:\AI\projects\uoink\checkouts\Yoink-library\tests\library_work_astra\run_phase3_companions.py", line 84, in audit
    deny(event, args[0])
    ~~~~^^^^^^^^^^^^^^^^
  File "E:\AI\projects\uoink\checkouts\Yoink-library\tests\library_work_astra\run_phase3_companions.py", line 53, in deny
    raise AssertionError('AS6 blocked ' + event + ': ' + str(detail))
AssertionError: AS6 blocked subprocess.Popen: None

The above exception was the direct cause of the following exception:

Traceback (most recent call last):
  File "E:\AI\projects\uoink\checkouts\Yoink-library\library_mirror.py", line 2212, in on_committed_event
    self._record_event(kind, video_id=video_id, shelf_id=shelf_id, brief_hash=brief_hash)
    ~~~~~~~~~~~~~~~~~~^^^^^^^^^^^^^^^^^^^^^^^^^^^^^^^^^^^^^^^^^^^^^^^^^^^^^^^^^^^^^^^^^^^
  File "E:\AI\projects\uoink\checkouts\Yoink-library\library_mirror.py", line 3026, in _record_event
    self._save_ledger(ledger)
    ~~~~~~~~~~~~~~~~~^^^^^^^^
  File "E:\AI\projects\uoink\checkouts\Yoink-library\library_mirror.py", line 2789, in _save_ledger
    self._atomic_local(path, payload)
    ~~~~~~~~~~~~~~~~~~^^^^^^^^^^^^^^^
  File "E:\AI\projects\uoink\checkouts\Yoink-library\library_mirror.py", line 2874, in _atomic_local
    _with_isolated_lease_session(
    ~~~~~~~~~~~~~~~~~~~~~~~~~~~~^
        dest, lambda sess: sess.local_put(str(path), data),
        ^^^^^^^^^^^^^^^^^^^^^^^^^^^^^^^^^^^^^^^^^^^^^^^^^^^
    )
    ^
  File "E:\AI\projects\uoink\checkouts\Yoink-library\library_mirror.py", line 805, in _with_isolated_lease_session
    session = _VaultIoSession.start(dest)
  File "E:\AI\projects\uoink\checkouts\Yoink-library\library_mirror.py", line 1526, in start
    session.launch()
    ~~~~~~~~~~~~~~^^
  File "E:\AI\projects\uoink\checkouts\Yoink-library\library_mirror.py", line 1607, in launch
    raise OSError("vault io worker failed to start") from exc
OSError: vault io worker failed to start
_________ test_bulk_wiring_events_schedule_current_derivatives[undo] __________
tests\library_work_astra\test_phase4_aw_acceptance.py:283: in test_bulk_wiring_events_schedule_current_derivatives
    export(env)
tests\library_work_astra\test_phase4_aw_acceptance.py:65: in export
    assert result["ok"], result
E   AssertionError: {'ok': False, 'schema_version': 1, 'contract_version': 'phase4-v1-2026-09-08', 'error': {'code': 'destination_unavailable', 'message': 'The mirror destination is unavailable.', 'retryable': True, 'details': {'reason': 'OSError'}}, ...}
E   assert False
----------------------------- Captured log setup ------------------------------
INFO     uoink.index:index.py:244 applying index migration 0001 (0001_initial_schema.sql)
INFO     uoink.index:index.py:244 applying index migration 0002 (0002_entity_graph.sql)
INFO     uoink.index:index.py:244 applying index migration 0003 (0003_taxonomy_corrections.sql)
INFO     uoink.index:index.py:244 applying index migration 0004 (0004_memory_indexes.sql)
INFO     uoink.index:index.py:244 applying index migration 0005 (0005_pending_yoinks.sql)
INFO     uoink.index:index.py:244 applying index migration 0006 (0006_v2_schema.sql)
INFO     uoink.index:index.py:244 applying index migration 0007 (0007_p4_workspaces.sql)
INFO     uoink.index:index.py:244 applying index migration 0008 (0008_a2_claims.sql)
INFO     uoink.index:index.py:244 applying index migration 0009 (0009_p5_scripts.sql)
INFO     uoink.index:index.py:244 applying index migration 0010 (0010_podcast_feeds.sql)
INFO     uoink.index:index.py:244 applying index migration 0011 (0011_podcast_audio.sql)
INFO     uoink.index:index.py:244 applying index migration 0012 (0012_whisper_transcripts.sql)
INFO     uoink.index:index.py:244 applying index migration 0013 (0013_monitored_playlists.sql)
INFO     uoink.index:index.py:244 applying index migration 0014 (0014_writing_studio.sql)
INFO     uoink.index:index.py:244 applying index migration 0015 (0015_universal_site.sql)
INFO     uoink.index:index.py:244 applying index migration 0016 (0016_default_style_anchors.sql)
INFO     uoink.index:index.py:244 applying index migration 0017 (0017_pending_long_video_mode.sql)
INFO     uoink.index:index.py:244 applying index migration 0018 (0018_writing_drafts.sql)
INFO     uoink.index:index.py:244 applying index migration 0019 (0019_auto_uoink.sql)
INFO     uoink.index:index.py:244 applying index migration 0020 (0020_platform_author.sql)
INFO     uoink.index:index.py:244 applying index migration 0021 (0021_suite_engagement.sql)
INFO     uoink.index:index.py:244 applying index migration 0022 (0022_podcast_corpus.sql)
INFO     uoink.index:index.py:244 applying index migration 0023 (0023_podcast_watch.sql)
INFO     uoink.index:index.py:244 applying index migration 0024 (0024_clips.sql)
INFO     uoink.index:index.py:244 applying index migration 0025 (0025_source_type_backfill.sql)
INFO     uoink.index:index.py:244 applying index migration 0026 (0026_provenance_precedence.sql)
INFO     uoink.index:index.py:244 applying index migration 0027 (0027_library_substrate.sql)
INFO     uoink.index:index.py:244 applying index migration 0028 (0028_source_subscriptions.sql)
INFO     uoink.index:index.py:244 applying index migration 0030 (0030_media_depth.sql)
------------------------------ Captured log call ------------------------------
ERROR    uoink.library_mirror:library_mirror.py:2214 mirror ledger update failed for capture
Traceback (most recent call last):
  File "E:\AI\projects\uoink\checkouts\Yoink-library\library_mirror.py", line 1595, in launch
    proc = subprocess.Popen(
        [sys.executable, "-B", worker],
        **kwargs,
    )
  File "C:\Python314\Lib\subprocess.py", line 1039, in __init__
    self._execute_child(args, executable, preexec_fn, close_fds,
    ~~~~~~~~~~~~~~~~~~~^^^^^^^^^^^^^^^^^^^^^^^^^^^^^^^^^^^^^^^^^
                        pass_fds, cwd, env,
                        ^^^^^^^^^^^^^^^^^^^
    ...<5 lines>...
                        gid, gids, uid, umask,
                        ^^^^^^^^^^^^^^^^^^^^^^
                        start_new_session, process_group)
                        ^^^^^^^^^^^^^^^^^^^^^^^^^^^^^^^^^
  File "C:\Python314\Lib\subprocess.py", line 1549, in _execute_child
    sys.audit("subprocess.Popen", executable, args, cwd, env)
    ~~~~~~~~~^^^^^^^^^^^^^^^^^^^^^^^^^^^^^^^^^^^^^^^^^^^^^^^^
  File "E:\AI\projects\uoink\checkouts\Yoink-library\tests\library_work_astra\run_phase3_companions.py", line 84, in audit
    deny(event, args[0])
    ~~~~^^^^^^^^^^^^^^^^
  File "E:\AI\projects\uoink\checkouts\Yoink-library\tests\library_work_astra\run_phase3_companions.py", line 53, in deny
    raise AssertionError('AS6 blocked ' + event + ': ' + str(detail))
AssertionError: AS6 blocked subprocess.Popen: None

The above exception was the direct cause of the following exception:

Traceback (most recent call last):
  File "E:\AI\projects\uoink\checkouts\Yoink-library\library_mirror.py", line 2212, in on_committed_event
    self._record_event(kind, video_id=video_id, shelf_id=shelf_id, brief_hash=brief_hash)
    ~~~~~~~~~~~~~~~~~~^^^^^^^^^^^^^^^^^^^^^^^^^^^^^^^^^^^^^^^^^^^^^^^^^^^^^^^^^^^^^^^^^^^
  File "E:\AI\projects\uoink\checkouts\Yoink-library\library_mirror.py", line 3026, in _record_event
    self._save_ledger(ledger)
    ~~~~~~~~~~~~~~~~~^^^^^^^^
  File "E:\AI\projects\uoink\checkouts\Yoink-library\library_mirror.py", line 2789, in _save_ledger
    self._atomic_local(path, payload)
    ~~~~~~~~~~~~~~~~~~^^^^^^^^^^^^^^^
  File "E:\AI\projects\uoink\checkouts\Yoink-library\library_mirror.py", line 2874, in _atomic_local
    _with_isolated_lease_session(
    ~~~~~~~~~~~~~~~~~~~~~~~~~~~~^
        dest, lambda sess: sess.local_put(str(path), data),
        ^^^^^^^^^^^^^^^^^^^^^^^^^^^^^^^^^^^^^^^^^^^^^^^^^^^
    )
    ^
  File "E:\AI\projects\uoink\checkouts\Yoink-library\library_mirror.py", line 805, in _with_isolated_lease_session
    session = _VaultIoSession.start(dest)
  File "E:\AI\projects\uoink\checkouts\Yoink-library\library_mirror.py", line 1526, in start
    session.launch()
    ~~~~~~~~~~~~~~^^
  File "E:\AI\projects\uoink\checkouts\Yoink-library\library_mirror.py", line 1607, in launch
    raise OSError("vault io worker failed to start") from exc
OSError: vault io worker failed to start
____________ test_scope_narrowing_cleans_previously_exported_items ____________
tests\library_work_astra\test_phase4_aw_acceptance.py:291: in test_scope_narrowing_cleans_previously_exported_items
    export(env, "a", "b")
tests\library_work_astra\test_phase4_aw_acceptance.py:65: in export
    assert result["ok"], result
E   AssertionError: {'ok': False, 'schema_version': 1, 'contract_version': 'phase4-v1-2026-09-08', 'error': {'code': 'destination_unavailable', 'message': 'The mirror destination is unavailable.', 'retryable': True, 'details': {'reason': 'OSError'}}, ...}
E   assert False
----------------------------- Captured log setup ------------------------------
INFO     uoink.index:index.py:244 applying index migration 0001 (0001_initial_schema.sql)
INFO     uoink.index:index.py:244 applying index migration 0002 (0002_entity_graph.sql)
INFO     uoink.index:index.py:244 applying index migration 0003 (0003_taxonomy_corrections.sql)
INFO     uoink.index:index.py:244 applying index migration 0004 (0004_memory_indexes.sql)
INFO     uoink.index:index.py:244 applying index migration 0005 (0005_pending_yoinks.sql)
INFO     uoink.index:index.py:244 applying index migration 0006 (0006_v2_schema.sql)
INFO     uoink.index:index.py:244 applying index migration 0007 (0007_p4_workspaces.sql)
INFO     uoink.index:index.py:244 applying index migration 0008 (0008_a2_claims.sql)
INFO     uoink.index:index.py:244 applying index migration 0009 (0009_p5_scripts.sql)
INFO     uoink.index:index.py:244 applying index migration 0010 (0010_podcast_feeds.sql)
INFO     uoink.index:index.py:244 applying index migration 0011 (0011_podcast_audio.sql)
INFO     uoink.index:index.py:244 applying index migration 0012 (0012_whisper_transcripts.sql)
INFO     uoink.index:index.py:244 applying index migration 0013 (0013_monitored_playlists.sql)
INFO     uoink.index:index.py:244 applying index migration 0014 (0014_writing_studio.sql)
INFO     uoink.index:index.py:244 applying index migration 0015 (0015_universal_site.sql)
INFO     uoink.index:index.py:244 applying index migration 0016 (0016_default_style_anchors.sql)
INFO     uoink.index:index.py:244 applying index migration 0017 (0017_pending_long_video_mode.sql)
INFO     uoink.index:index.py:244 applying index migration 0018 (0018_writing_drafts.sql)
INFO     uoink.index:index.py:244 applying index migration 0019 (0019_auto_uoink.sql)
INFO     uoink.index:index.py:244 applying index migration 0020 (0020_platform_author.sql)
INFO     uoink.index:index.py:244 applying index migration 0021 (0021_suite_engagement.sql)
INFO     uoink.index:index.py:244 applying index migration 0022 (0022_podcast_corpus.sql)
INFO     uoink.index:index.py:244 applying index migration 0023 (0023_podcast_watch.sql)
INFO     uoink.index:index.py:244 applying index migration 0024 (0024_clips.sql)
INFO     uoink.index:index.py:244 applying index migration 0025 (0025_source_type_backfill.sql)
INFO     uoink.index:index.py:244 applying index migration 0026 (0026_provenance_precedence.sql)
INFO     uoink.index:index.py:244 applying index migration 0027 (0027_library_substrate.sql)
INFO     uoink.index:index.py:244 applying index migration 0028 (0028_source_subscriptions.sql)
INFO     uoink.index:index.py:244 applying index migration 0030 (0030_media_depth.sql)
------------------------------ Captured log call ------------------------------
ERROR    uoink.library_mirror:library_mirror.py:2214 mirror ledger update failed for capture
Traceback (most recent call last):
  File "E:\AI\projects\uoink\checkouts\Yoink-library\library_mirror.py", line 1595, in launch
    proc = subprocess.Popen(
        [sys.executable, "-B", worker],
        **kwargs,
    )
  File "C:\Python314\Lib\subprocess.py", line 1039, in __init__
    self._execute_child(args, executable, preexec_fn, close_fds,
    ~~~~~~~~~~~~~~~~~~~^^^^^^^^^^^^^^^^^^^^^^^^^^^^^^^^^^^^^^^^^
                        pass_fds, cwd, env,
                        ^^^^^^^^^^^^^^^^^^^
    ...<5 lines>...
                        gid, gids, uid, umask,
                        ^^^^^^^^^^^^^^^^^^^^^^
                        start_new_session, process_group)
                        ^^^^^^^^^^^^^^^^^^^^^^^^^^^^^^^^^
  File "C:\Python314\Lib\subprocess.py", line 1549, in _execute_child
    sys.audit("subprocess.Popen", executable, args, cwd, env)
    ~~~~~~~~~^^^^^^^^^^^^^^^^^^^^^^^^^^^^^^^^^^^^^^^^^^^^^^^^
  File "E:\AI\projects\uoink\checkouts\Yoink-library\tests\library_work_astra\run_phase3_companions.py", line 84, in audit
    deny(event, args[0])
    ~~~~^^^^^^^^^^^^^^^^
  File "E:\AI\projects\uoink\checkouts\Yoink-library\tests\library_work_astra\run_phase3_companions.py", line 53, in deny
    raise AssertionError('AS6 blocked ' + event + ': ' + str(detail))
AssertionError: AS6 blocked subprocess.Popen: None

The above exception was the direct cause of the following exception:

Traceback (most recent call last):
  File "E:\AI\projects\uoink\checkouts\Yoink-library\library_mirror.py", line 2212, in on_committed_event
    self._record_event(kind, video_id=video_id, shelf_id=shelf_id, brief_hash=brief_hash)
    ~~~~~~~~~~~~~~~~~~^^^^^^^^^^^^^^^^^^^^^^^^^^^^^^^^^^^^^^^^^^^^^^^^^^^^^^^^^^^^^^^^^^^
  File "E:\AI\projects\uoink\checkouts\Yoink-library\library_mirror.py", line 3026, in _record_event
    self._save_ledger(ledger)
    ~~~~~~~~~~~~~~~~~^^^^^^^^
  File "E:\AI\projects\uoink\checkouts\Yoink-library\library_mirror.py", line 2789, in _save_ledger
    self._atomic_local(path, payload)
    ~~~~~~~~~~~~~~~~~~^^^^^^^^^^^^^^^
  File "E:\AI\projects\uoink\checkouts\Yoink-library\library_mirror.py", line 2874, in _atomic_local
    _with_isolated_lease_session(
    ~~~~~~~~~~~~~~~~~~~~~~~~~~~~^
        dest, lambda sess: sess.local_put(str(path), data),
        ^^^^^^^^^^^^^^^^^^^^^^^^^^^^^^^^^^^^^^^^^^^^^^^^^^^
    )
    ^
  File "E:\AI\projects\uoink\checkouts\Yoink-library\library_mirror.py", line 805, in _with_isolated_lease_session
    session = _VaultIoSession.start(dest)
  File "E:\AI\projects\uoink\checkouts\Yoink-library\library_mirror.py", line 1526, in start
    session.launch()
    ~~~~~~~~~~~~~~^^
  File "E:\AI\projects\uoink\checkouts\Yoink-library\library_mirror.py", line 1607, in launch
    raise OSError("vault io worker failed to start") from exc
OSError: vault io worker failed to start
ERROR    uoink.library_mirror:library_mirror.py:2214 mirror ledger update failed for capture
Traceback (most recent call last):
  File "E:\AI\projects\uoink\checkouts\Yoink-library\library_mirror.py", line 1595, in launch
    proc = subprocess.Popen(
        [sys.executable, "-B", worker],
        **kwargs,
    )
  File "C:\Python314\Lib\subprocess.py", line 1039, in __init__
    self._execute_child(args, executable, preexec_fn, close_fds,
    ~~~~~~~~~~~~~~~~~~~^^^^^^^^^^^^^^^^^^^^^^^^^^^^^^^^^^^^^^^^^
                        pass_fds, cwd, env,
                        ^^^^^^^^^^^^^^^^^^^
    ...<5 lines>...
                        gid, gids, uid, umask,
                        ^^^^^^^^^^^^^^^^^^^^^^
                        start_new_session, process_group)
                        ^^^^^^^^^^^^^^^^^^^^^^^^^^^^^^^^^
  File "C:\Python314\Lib\subprocess.py", line 1549, in _execute_child
    sys.audit("subprocess.Popen", executable, args, cwd, env)
    ~~~~~~~~~^^^^^^^^^^^^^^^^^^^^^^^^^^^^^^^^^^^^^^^^^^^^^^^^
  File "E:\AI\projects\uoink\checkouts\Yoink-library\tests\library_work_astra\run_phase3_companions.py", line 84, in audit
    deny(event, args[0])
    ~~~~^^^^^^^^^^^^^^^^
  File "E:\AI\projects\uoink\checkouts\Yoink-library\tests\library_work_astra\run_phase3_companions.py", line 53, in deny
    raise AssertionError('AS6 blocked ' + event + ': ' + str(detail))
AssertionError: AS6 blocked subprocess.Popen: None

The above exception was the direct cause of the following exception:

Traceback (most recent call last):
  File "E:\AI\projects\uoink\checkouts\Yoink-library\library_mirror.py", line 2212, in on_committed_event
    self._record_event(kind, video_id=video_id, shelf_id=shelf_id, brief_hash=brief_hash)
    ~~~~~~~~~~~~~~~~~~^^^^^^^^^^^^^^^^^^^^^^^^^^^^^^^^^^^^^^^^^^^^^^^^^^^^^^^^^^^^^^^^^^^
  File "E:\AI\projects\uoink\checkouts\Yoink-library\library_mirror.py", line 3026, in _record_event
    self._save_ledger(ledger)
    ~~~~~~~~~~~~~~~~~^^^^^^^^
  File "E:\AI\projects\uoink\checkouts\Yoink-library\library_mirror.py", line 2789, in _save_ledger
    self._atomic_local(path, payload)
    ~~~~~~~~~~~~~~~~~~^^^^^^^^^^^^^^^
  File "E:\AI\projects\uoink\checkouts\Yoink-library\library_mirror.py", line 2874, in _atomic_local
    _with_isolated_lease_session(
    ~~~~~~~~~~~~~~~~~~~~~~~~~~~~^
        dest, lambda sess: sess.local_put(str(path), data),
        ^^^^^^^^^^^^^^^^^^^^^^^^^^^^^^^^^^^^^^^^^^^^^^^^^^^
    )
    ^
  File "E:\AI\projects\uoink\checkouts\Yoink-library\library_mirror.py", line 805, in _with_isolated_lease_session
    session = _VaultIoSession.start(dest)
  File "E:\AI\projects\uoink\checkouts\Yoink-library\library_mirror.py", line 1526, in start
    session.launch()
    ~~~~~~~~~~~~~~^^
  File "E:\AI\projects\uoink\checkouts\Yoink-library\library_mirror.py", line 1607, in launch
    raise OSError("vault io worker failed to start") from exc
OSError: vault io worker failed to start
__________ test_real_brief_mirror_is_removed_when_dependency_deleted __________
tests\library_work_astra\test_phase4_aw_acceptance.py:312: in test_real_brief_mirror_is_removed_when_dependency_deleted
    assert exported.exists()
E   AssertionError: assert False
E    +  where False = exists()
E    +    where exists = WindowsPath('E:/AI/projects/uoink/checkouts/Yoink-library/_scratch/r7uu3hx6/t/a19/v/Uoink/Briefs/2026-09-08-bb3fd186f0d55c5eaea32e31d2951145b9cc6b26cd45e5805c08fdb38479289d.md').exists
----------------------------- Captured log setup ------------------------------
INFO     uoink.index:index.py:244 applying index migration 0001 (0001_initial_schema.sql)
INFO     uoink.index:index.py:244 applying index migration 0002 (0002_entity_graph.sql)
INFO     uoink.index:index.py:244 applying index migration 0003 (0003_taxonomy_corrections.sql)
INFO     uoink.index:index.py:244 applying index migration 0004 (0004_memory_indexes.sql)
INFO     uoink.index:index.py:244 applying index migration 0005 (0005_pending_yoinks.sql)
INFO     uoink.index:index.py:244 applying index migration 0006 (0006_v2_schema.sql)
INFO     uoink.index:index.py:244 applying index migration 0007 (0007_p4_workspaces.sql)
INFO     uoink.index:index.py:244 applying index migration 0008 (0008_a2_claims.sql)
INFO     uoink.index:index.py:244 applying index migration 0009 (0009_p5_scripts.sql)
INFO     uoink.index:index.py:244 applying index migration 0010 (0010_podcast_feeds.sql)
INFO     uoink.index:index.py:244 applying index migration 0011 (0011_podcast_audio.sql)
INFO     uoink.index:index.py:244 applying index migration 0012 (0012_whisper_transcripts.sql)
INFO     uoink.index:index.py:244 applying index migration 0013 (0013_monitored_playlists.sql)
INFO     uoink.index:index.py:244 applying index migration 0014 (0014_writing_studio.sql)
INFO     uoink.index:index.py:244 applying index migration 0015 (0015_universal_site.sql)
INFO     uoink.index:index.py:244 applying index migration 0016 (0016_default_style_anchors.sql)
INFO     uoink.index:index.py:244 applying index migration 0017 (0017_pending_long_video_mode.sql)
INFO     uoink.index:index.py:244 applying index migration 0018 (0018_writing_drafts.sql)
INFO     uoink.index:index.py:244 applying index migration 0019 (0019_auto_uoink.sql)
INFO     uoink.index:index.py:244 applying index migration 0020 (0020_platform_author.sql)
INFO     uoink.index:index.py:244 applying index migration 0021 (0021_suite_engagement.sql)
INFO     uoink.index:index.py:244 applying index migration 0022 (0022_podcast_corpus.sql)
INFO     uoink.index:index.py:244 applying index migration 0023 (0023_podcast_watch.sql)
INFO     uoink.index:index.py:244 applying index migration 0024 (0024_clips.sql)
INFO     uoink.index:index.py:244 applying index migration 0025 (0025_source_type_backfill.sql)
INFO     uoink.index:index.py:244 applying index migration 0026 (0026_provenance_precedence.sql)
INFO     uoink.index:index.py:244 applying index migration 0027 (0027_library_substrate.sql)
INFO     uoink.index:index.py:244 applying index migration 0028 (0028_source_subscriptions.sql)
INFO     uoink.index:index.py:244 applying index migration 0030 (0030_media_depth.sql)
------------------------------ Captured log call ------------------------------
ERROR    uoink.library_mirror:library_mirror.py:2214 mirror ledger update failed for brief_published
Traceback (most recent call last):
  File "E:\AI\projects\uoink\checkouts\Yoink-library\library_mirror.py", line 1595, in launch
    proc = subprocess.Popen(
        [sys.executable, "-B", worker],
        **kwargs,
    )
  File "C:\Python314\Lib\subprocess.py", line 1039, in __init__
    self._execute_child(args, executable, preexec_fn, close_fds,
    ~~~~~~~~~~~~~~~~~~~^^^^^^^^^^^^^^^^^^^^^^^^^^^^^^^^^^^^^^^^^
                        pass_fds, cwd, env,
                        ^^^^^^^^^^^^^^^^^^^
    ...<5 lines>...
                        gid, gids, uid, umask,
                        ^^^^^^^^^^^^^^^^^^^^^^
                        start_new_session, process_group)
                        ^^^^^^^^^^^^^^^^^^^^^^^^^^^^^^^^^
  File "C:\Python314\Lib\subprocess.py", line 1549, in _execute_child
    sys.audit("subprocess.Popen", executable, args, cwd, env)
    ~~~~~~~~~^^^^^^^^^^^^^^^^^^^^^^^^^^^^^^^^^^^^^^^^^^^^^^^^
  File "E:\AI\projects\uoink\checkouts\Yoink-library\tests\library_work_astra\run_phase3_companions.py", line 84, in audit
    deny(event, args[0])
    ~~~~^^^^^^^^^^^^^^^^
  File "E:\AI\projects\uoink\checkouts\Yoink-library\tests\library_work_astra\run_phase3_companions.py", line 53, in deny
    raise AssertionError('AS6 blocked ' + event + ': ' + str(detail))
AssertionError: AS6 blocked subprocess.Popen: None

The above exception was the direct cause of the following exception:

Traceback (most recent call last):
  File "E:\AI\projects\uoink\checkouts\Yoink-library\library_mirror.py", line 2212, in on_committed_event
    self._record_event(kind, video_id=video_id, shelf_id=shelf_id, brief_hash=brief_hash)
    ~~~~~~~~~~~~~~~~~~^^^^^^^^^^^^^^^^^^^^^^^^^^^^^^^^^^^^^^^^^^^^^^^^^^^^^^^^^^^^^^^^^^^
  File "E:\AI\projects\uoink\checkouts\Yoink-library\library_mirror.py", line 3026, in _record_event
    self._save_ledger(ledger)
    ~~~~~~~~~~~~~~~~~^^^^^^^^
  File "E:\AI\projects\uoink\checkouts\Yoink-library\library_mirror.py", line 2789, in _save_ledger
    self._atomic_local(path, payload)
    ~~~~~~~~~~~~~~~~~~^^^^^^^^^^^^^^^
  File "E:\AI\projects\uoink\checkouts\Yoink-library\library_mirror.py", line 2874, in _atomic_local
    _with_isolated_lease_session(
    ~~~~~~~~~~~~~~~~~~~~~~~~~~~~^
        dest, lambda sess: sess.local_put(str(path), data),
        ^^^^^^^^^^^^^^^^^^^^^^^^^^^^^^^^^^^^^^^^^^^^^^^^^^^
    )
    ^
  File "E:\AI\projects\uoink\checkouts\Yoink-library\library_mirror.py", line 805, in _with_isolated_lease_session
    session = _VaultIoSession.start(dest)
  File "E:\AI\projects\uoink\checkouts\Yoink-library\library_mirror.py", line 1526, in start
    session.launch()
    ~~~~~~~~~~~~~~^^
  File "E:\AI\projects\uoink\checkouts\Yoink-library\library_mirror.py", line 1607, in launch
    raise OSError("vault io worker failed to start") from exc
OSError: vault io worker failed to start
_____ test_disabled_mirror_retains_pending_deletes_and_cleans_owned_files _____
tests\library_work_astra\test_phase4_aw_acceptance.py:319: in test_disabled_mirror_retains_pending_deletes_and_cleans_owned_files
    export(env)
tests\library_work_astra\test_phase4_aw_acceptance.py:65: in export
    assert result["ok"], result
E   AssertionError: {'ok': False, 'schema_version': 1, 'contract_version': 'phase4-v1-2026-09-08', 'error': {'code': 'destination_unavailable', 'message': 'The mirror destination is unavailable.', 'retryable': True, 'details': {'reason': 'OSError'}}, ...}
E   assert False
----------------------------- Captured log setup ------------------------------
INFO     uoink.index:index.py:244 applying index migration 0001 (0001_initial_schema.sql)
INFO     uoink.index:index.py:244 applying index migration 0002 (0002_entity_graph.sql)
INFO     uoink.index:index.py:244 applying index migration 0003 (0003_taxonomy_corrections.sql)
INFO     uoink.index:index.py:244 applying index migration 0004 (0004_memory_indexes.sql)
INFO     uoink.index:index.py:244 applying index migration 0005 (0005_pending_yoinks.sql)
INFO     uoink.index:index.py:244 applying index migration 0006 (0006_v2_schema.sql)
INFO     uoink.index:index.py:244 applying index migration 0007 (0007_p4_workspaces.sql)
INFO     uoink.index:index.py:244 applying index migration 0008 (0008_a2_claims.sql)
INFO     uoink.index:index.py:244 applying index migration 0009 (0009_p5_scripts.sql)
INFO     uoink.index:index.py:244 applying index migration 0010 (0010_podcast_feeds.sql)
INFO     uoink.index:index.py:244 applying index migration 0011 (0011_podcast_audio.sql)
INFO     uoink.index:index.py:244 applying index migration 0012 (0012_whisper_transcripts.sql)
INFO     uoink.index:index.py:244 applying index migration 0013 (0013_monitored_playlists.sql)
INFO     uoink.index:index.py:244 applying index migration 0014 (0014_writing_studio.sql)
INFO     uoink.index:index.py:244 applying index migration 0015 (0015_universal_site.sql)
INFO     uoink.index:index.py:244 applying index migration 0016 (0016_default_style_anchors.sql)
INFO     uoink.index:index.py:244 applying index migration 0017 (0017_pending_long_video_mode.sql)
INFO     uoink.index:index.py:244 applying index migration 0018 (0018_writing_drafts.sql)
INFO     uoink.index:index.py:244 applying index migration 0019 (0019_auto_uoink.sql)
INFO     uoink.index:index.py:244 applying index migration 0020 (0020_platform_author.sql)
INFO     uoink.index:index.py:244 applying index migration 0021 (0021_suite_engagement.sql)
INFO     uoink.index:index.py:244 applying index migration 0022 (0022_podcast_corpus.sql)
INFO     uoink.index:index.py:244 applying index migration 0023 (0023_podcast_watch.sql)
INFO     uoink.index:index.py:244 applying index migration 0024 (0024_clips.sql)
INFO     uoink.index:index.py:244 applying index migration 0025 (0025_source_type_backfill.sql)
INFO     uoink.index:index.py:244 applying index migration 0026 (0026_provenance_precedence.sql)
INFO     uoink.index:index.py:244 applying index migration 0027 (0027_library_substrate.sql)
INFO     uoink.index:index.py:244 applying index migration 0028 (0028_source_subscriptions.sql)
INFO     uoink.index:index.py:244 applying index migration 0030 (0030_media_depth.sql)
------------------------------ Captured log call ------------------------------
ERROR    uoink.library_mirror:library_mirror.py:2214 mirror ledger update failed for capture
Traceback (most recent call last):
  File "E:\AI\projects\uoink\checkouts\Yoink-library\library_mirror.py", line 1595, in launch
    proc = subprocess.Popen(
        [sys.executable, "-B", worker],
        **kwargs,
    )
  File "C:\Python314\Lib\subprocess.py", line 1039, in __init__
    self._execute_child(args, executable, preexec_fn, close_fds,
    ~~~~~~~~~~~~~~~~~~~^^^^^^^^^^^^^^^^^^^^^^^^^^^^^^^^^^^^^^^^^
                        pass_fds, cwd, env,
                        ^^^^^^^^^^^^^^^^^^^
    ...<5 lines>...
                        gid, gids, uid, umask,
                        ^^^^^^^^^^^^^^^^^^^^^^
                        start_new_session, process_group)
                        ^^^^^^^^^^^^^^^^^^^^^^^^^^^^^^^^^
  File "C:\Python314\Lib\subprocess.py", line 1549, in _execute_child
    sys.audit("subprocess.Popen", executable, args, cwd, env)
    ~~~~~~~~~^^^^^^^^^^^^^^^^^^^^^^^^^^^^^^^^^^^^^^^^^^^^^^^^
  File "E:\AI\projects\uoink\checkouts\Yoink-library\tests\library_work_astra\run_phase3_companions.py", line 84, in audit
    deny(event, args[0])
    ~~~~^^^^^^^^^^^^^^^^
  File "E:\AI\projects\uoink\checkouts\Yoink-library\tests\library_work_astra\run_phase3_companions.py", line 53, in deny
    raise AssertionError('AS6 blocked ' + event + ': ' + str(detail))
AssertionError: AS6 blocked subprocess.Popen: None

The above exception was the direct cause of the following exception:

Traceback (most recent call last):
  File "E:\AI\projects\uoink\checkouts\Yoink-library\library_mirror.py", line 2212, in on_committed_event
    self._record_event(kind, video_id=video_id, shelf_id=shelf_id, brief_hash=brief_hash)
    ~~~~~~~~~~~~~~~~~~^^^^^^^^^^^^^^^^^^^^^^^^^^^^^^^^^^^^^^^^^^^^^^^^^^^^^^^^^^^^^^^^^^^
  File "E:\AI\projects\uoink\checkouts\Yoink-library\library_mirror.py", line 3026, in _record_event
    self._save_ledger(ledger)
    ~~~~~~~~~~~~~~~~~^^^^^^^^
  File "E:\AI\projects\uoink\checkouts\Yoink-library\library_mirror.py", line 2789, in _save_ledger
    self._atomic_local(path, payload)
    ~~~~~~~~~~~~~~~~~~^^^^^^^^^^^^^^^
  File "E:\AI\projects\uoink\checkouts\Yoink-library\library_mirror.py", line 2874, in _atomic_local
    _with_isolated_lease_session(
    ~~~~~~~~~~~~~~~~~~~~~~~~~~~~^
        dest, lambda sess: sess.local_put(str(path), data),
        ^^^^^^^^^^^^^^^^^^^^^^^^^^^^^^^^^^^^^^^^^^^^^^^^^^^
    )
    ^
  File "E:\AI\projects\uoink\checkouts\Yoink-library\library_mirror.py", line 805, in _with_isolated_lease_session
    session = _VaultIoSession.start(dest)
  File "E:\AI\projects\uoink\checkouts\Yoink-library\library_mirror.py", line 1526, in start
    session.launch()
    ~~~~~~~~~~~~~~^^
  File "E:\AI\projects\uoink\checkouts\Yoink-library\library_mirror.py", line 1607, in launch
    raise OSError("vault io worker failed to start") from exc
OSError: vault io worker failed to start
_________ test_missing_manifest_stops_replacement_for_reconciliation __________
tests\library_work_astra\test_phase4_aw_acceptance.py:331: in test_missing_manifest_stops_replacement_for_reconciliation
    export(env)
tests\library_work_astra\test_phase4_aw_acceptance.py:65: in export
    assert result["ok"], result
E   AssertionError: {'ok': False, 'schema_version': 1, 'contract_version': 'phase4-v1-2026-09-08', 'error': {'code': 'destination_unavailable', 'message': 'The mirror destination is unavailable.', 'retryable': True, 'details': {'reason': 'OSError'}}, ...}
E   assert False
----------------------------- Captured log setup ------------------------------
INFO     uoink.index:index.py:244 applying index migration 0001 (0001_initial_schema.sql)
INFO     uoink.index:index.py:244 applying index migration 0002 (0002_entity_graph.sql)
INFO     uoink.index:index.py:244 applying index migration 0003 (0003_taxonomy_corrections.sql)
INFO     uoink.index:index.py:244 applying index migration 0004 (0004_memory_indexes.sql)
INFO     uoink.index:index.py:244 applying index migration 0005 (0005_pending_yoinks.sql)
INFO     uoink.index:index.py:244 applying index migration 0006 (0006_v2_schema.sql)
INFO     uoink.index:index.py:244 applying index migration 0007 (0007_p4_workspaces.sql)
INFO     uoink.index:index.py:244 applying index migration 0008 (0008_a2_claims.sql)
INFO     uoink.index:index.py:244 applying index migration 0009 (0009_p5_scripts.sql)
INFO     uoink.index:index.py:244 applying index migration 0010 (0010_podcast_feeds.sql)
INFO     uoink.index:index.py:244 applying index migration 0011 (0011_podcast_audio.sql)
INFO     uoink.index:index.py:244 applying index migration 0012 (0012_whisper_transcripts.sql)
INFO     uoink.index:index.py:244 applying index migration 0013 (0013_monitored_playlists.sql)
INFO     uoink.index:index.py:244 applying index migration 0014 (0014_writing_studio.sql)
INFO     uoink.index:index.py:244 applying index migration 0015 (0015_universal_site.sql)
INFO     uoink.index:index.py:244 applying index migration 0016 (0016_default_style_anchors.sql)
INFO     uoink.index:index.py:244 applying index migration 0017 (0017_pending_long_video_mode.sql)
INFO     uoink.index:index.py:244 applying index migration 0018 (0018_writing_drafts.sql)
INFO     uoink.index:index.py:244 applying index migration 0019 (0019_auto_uoink.sql)
INFO     uoink.index:index.py:244 applying index migration 0020 (0020_platform_author.sql)
INFO     uoink.index:index.py:244 applying index migration 0021 (0021_suite_engagement.sql)
INFO     uoink.index:index.py:244 applying index migration 0022 (0022_podcast_corpus.sql)
INFO     uoink.index:index.py:244 applying index migration 0023 (0023_podcast_watch.sql)
INFO     uoink.index:index.py:244 applying index migration 0024 (0024_clips.sql)
INFO     uoink.index:index.py:244 applying index migration 0025 (0025_source_type_backfill.sql)
INFO     uoink.index:index.py:244 applying index migration 0026 (0026_provenance_precedence.sql)
INFO     uoink.index:index.py:244 applying index migration 0027 (0027_library_substrate.sql)
INFO     uoink.index:index.py:244 applying index migration 0028 (0028_source_subscriptions.sql)
INFO     uoink.index:index.py:244 applying index migration 0030 (0030_media_depth.sql)
------------------------------ Captured log call ------------------------------
ERROR    uoink.library_mirror:library_mirror.py:2214 mirror ledger update failed for capture
Traceback (most recent call last):
  File "E:\AI\projects\uoink\checkouts\Yoink-library\library_mirror.py", line 1595, in launch
    proc = subprocess.Popen(
        [sys.executable, "-B", worker],
        **kwargs,
    )
  File "C:\Python314\Lib\subprocess.py", line 1039, in __init__
    self._execute_child(args, executable, preexec_fn, close_fds,
    ~~~~~~~~~~~~~~~~~~~^^^^^^^^^^^^^^^^^^^^^^^^^^^^^^^^^^^^^^^^^
                        pass_fds, cwd, env,
                        ^^^^^^^^^^^^^^^^^^^
    ...<5 lines>...
                        gid, gids, uid, umask,
                        ^^^^^^^^^^^^^^^^^^^^^^
                        start_new_session, process_group)
                        ^^^^^^^^^^^^^^^^^^^^^^^^^^^^^^^^^
  File "C:\Python314\Lib\subprocess.py", line 1549, in _execute_child
    sys.audit("subprocess.Popen", executable, args, cwd, env)
    ~~~~~~~~~^^^^^^^^^^^^^^^^^^^^^^^^^^^^^^^^^^^^^^^^^^^^^^^^
  File "E:\AI\projects\uoink\checkouts\Yoink-library\tests\library_work_astra\run_phase3_companions.py", line 84, in audit
    deny(event, args[0])
    ~~~~^^^^^^^^^^^^^^^^
  File "E:\AI\projects\uoink\checkouts\Yoink-library\tests\library_work_astra\run_phase3_companions.py", line 53, in deny
    raise AssertionError('AS6 blocked ' + event + ': ' + str(detail))
AssertionError: AS6 blocked subprocess.Popen: None

The above exception was the direct cause of the following exception:

Traceback (most recent call last):
  File "E:\AI\projects\uoink\checkouts\Yoink-library\library_mirror.py", line 2212, in on_committed_event
    self._record_event(kind, video_id=video_id, shelf_id=shelf_id, brief_hash=brief_hash)
    ~~~~~~~~~~~~~~~~~~^^^^^^^^^^^^^^^^^^^^^^^^^^^^^^^^^^^^^^^^^^^^^^^^^^^^^^^^^^^^^^^^^^^
  File "E:\AI\projects\uoink\checkouts\Yoink-library\library_mirror.py", line 3026, in _record_event
    self._save_ledger(ledger)
    ~~~~~~~~~~~~~~~~~^^^^^^^^
  File "E:\AI\projects\uoink\checkouts\Yoink-library\library_mirror.py", line 2789, in _save_ledger
    self._atomic_local(path, payload)
    ~~~~~~~~~~~~~~~~~~^^^^^^^^^^^^^^^
  File "E:\AI\projects\uoink\checkouts\Yoink-library\library_mirror.py", line 2874, in _atomic_local
    _with_isolated_lease_session(
    ~~~~~~~~~~~~~~~~~~~~~~~~~~~~^
        dest, lambda sess: sess.local_put(str(path), data),
        ^^^^^^^^^^^^^^^^^^^^^^^^^^^^^^^^^^^^^^^^^^^^^^^^^^^
    )
    ^
  File "E:\AI\projects\uoink\checkouts\Yoink-library\library_mirror.py", line 805, in _with_isolated_lease_session
    session = _VaultIoSession.start(dest)
  File "E:\AI\projects\uoink\checkouts\Yoink-library\library_mirror.py", line 1526, in start
    session.launch()
    ~~~~~~~~~~~~~~^^
  File "E:\AI\projects\uoink\checkouts\Yoink-library\library_mirror.py", line 1607, in launch
    raise OSError("vault io worker failed to start") from exc
OSError: vault io worker failed to start
_______________ test_unowned_temp_named_like_item_is_preserved ________________
tests\library_work_astra\test_phase4_aw_acceptance.py:342: in test_unowned_temp_named_like_item_is_preserved
    export(env)
tests\library_work_astra\test_phase4_aw_acceptance.py:65: in export
    assert result["ok"], result
E   AssertionError: {'ok': False, 'schema_version': 1, 'contract_version': 'phase4-v1-2026-09-08', 'error': {'code': 'destination_unavailable', 'message': 'The mirror destination is unavailable.', 'retryable': True, 'details': {'reason': 'OSError'}}, ...}
E   assert False
----------------------------- Captured log setup ------------------------------
INFO     uoink.index:index.py:244 applying index migration 0001 (0001_initial_schema.sql)
INFO     uoink.index:index.py:244 applying index migration 0002 (0002_entity_graph.sql)
INFO     uoink.index:index.py:244 applying index migration 0003 (0003_taxonomy_corrections.sql)
INFO     uoink.index:index.py:244 applying index migration 0004 (0004_memory_indexes.sql)
INFO     uoink.index:index.py:244 applying index migration 0005 (0005_pending_yoinks.sql)
INFO     uoink.index:index.py:244 applying index migration 0006 (0006_v2_schema.sql)
INFO     uoink.index:index.py:244 applying index migration 0007 (0007_p4_workspaces.sql)
INFO     uoink.index:index.py:244 applying index migration 0008 (0008_a2_claims.sql)
INFO     uoink.index:index.py:244 applying index migration 0009 (0009_p5_scripts.sql)
INFO     uoink.index:index.py:244 applying index migration 0010 (0010_podcast_feeds.sql)
INFO     uoink.index:index.py:244 applying index migration 0011 (0011_podcast_audio.sql)
INFO     uoink.index:index.py:244 applying index migration 0012 (0012_whisper_transcripts.sql)
INFO     uoink.index:index.py:244 applying index migration 0013 (0013_monitored_playlists.sql)
INFO     uoink.index:index.py:244 applying index migration 0014 (0014_writing_studio.sql)
INFO     uoink.index:index.py:244 applying index migration 0015 (0015_universal_site.sql)
INFO     uoink.index:index.py:244 applying index migration 0016 (0016_default_style_anchors.sql)
INFO     uoink.index:index.py:244 applying index migration 0017 (0017_pending_long_video_mode.sql)
INFO     uoink.index:index.py:244 applying index migration 0018 (0018_writing_drafts.sql)
INFO     uoink.index:index.py:244 applying index migration 0019 (0019_auto_uoink.sql)
INFO     uoink.index:index.py:244 applying index migration 0020 (0020_platform_author.sql)
INFO     uoink.index:index.py:244 applying index migration 0021 (0021_suite_engagement.sql)
INFO     uoink.index:index.py:244 applying index migration 0022 (0022_podcast_corpus.sql)
INFO     uoink.index:index.py:244 applying index migration 0023 (0023_podcast_watch.sql)
INFO     uoink.index:index.py:244 applying index migration 0024 (0024_clips.sql)
INFO     uoink.index:index.py:244 applying index migration 0025 (0025_source_type_backfill.sql)
INFO     uoink.index:index.py:244 applying index migration 0026 (0026_provenance_precedence.sql)
INFO     uoink.index:index.py:244 applying index migration 0027 (0027_library_substrate.sql)
INFO     uoink.index:index.py:244 applying index migration 0028 (0028_source_subscriptions.sql)
INFO     uoink.index:index.py:244 applying index migration 0030 (0030_media_depth.sql)
------------------------------ Captured log call ------------------------------
ERROR    uoink.library_mirror:library_mirror.py:2214 mirror ledger update failed for capture
Traceback (most recent call last):
  File "E:\AI\projects\uoink\checkouts\Yoink-library\library_mirror.py", line 1595, in launch
    proc = subprocess.Popen(
        [sys.executable, "-B", worker],
        **kwargs,
    )
  File "C:\Python314\Lib\subprocess.py", line 1039, in __init__
    self._execute_child(args, executable, preexec_fn, close_fds,
    ~~~~~~~~~~~~~~~~~~~^^^^^^^^^^^^^^^^^^^^^^^^^^^^^^^^^^^^^^^^^
                        pass_fds, cwd, env,
                        ^^^^^^^^^^^^^^^^^^^
    ...<5 lines>...
                        gid, gids, uid, umask,
                        ^^^^^^^^^^^^^^^^^^^^^^
                        start_new_session, process_group)
                        ^^^^^^^^^^^^^^^^^^^^^^^^^^^^^^^^^
  File "C:\Python314\Lib\subprocess.py", line 1549, in _execute_child
    sys.audit("subprocess.Popen", executable, args, cwd, env)
    ~~~~~~~~~^^^^^^^^^^^^^^^^^^^^^^^^^^^^^^^^^^^^^^^^^^^^^^^^
  File "E:\AI\projects\uoink\checkouts\Yoink-library\tests\library_work_astra\run_phase3_companions.py", line 84, in audit
    deny(event, args[0])
    ~~~~^^^^^^^^^^^^^^^^
  File "E:\AI\projects\uoink\checkouts\Yoink-library\tests\library_work_astra\run_phase3_companions.py", line 53, in deny
    raise AssertionError('AS6 blocked ' + event + ': ' + str(detail))
AssertionError: AS6 blocked subprocess.Popen: None

The above exception was the direct cause of the following exception:

Traceback (most recent call last):
  File "E:\AI\projects\uoink\checkouts\Yoink-library\library_mirror.py", line 2212, in on_committed_event
    self._record_event(kind, video_id=video_id, shelf_id=shelf_id, brief_hash=brief_hash)
    ~~~~~~~~~~~~~~~~~~^^^^^^^^^^^^^^^^^^^^^^^^^^^^^^^^^^^^^^^^^^^^^^^^^^^^^^^^^^^^^^^^^^^
  File "E:\AI\projects\uoink\checkouts\Yoink-library\library_mirror.py", line 3026, in _record_event
    self._save_ledger(ledger)
    ~~~~~~~~~~~~~~~~~^^^^^^^^
  File "E:\AI\projects\uoink\checkouts\Yoink-library\library_mirror.py", line 2789, in _save_ledger
    self._atomic_local(path, payload)
    ~~~~~~~~~~~~~~~~~~^^^^^^^^^^^^^^^
  File "E:\AI\projects\uoink\checkouts\Yoink-library\library_mirror.py", line 2874, in _atomic_local
    _with_isolated_lease_session(
    ~~~~~~~~~~~~~~~~~~~~~~~~~~~~^
        dest, lambda sess: sess.local_put(str(path), data),
        ^^^^^^^^^^^^^^^^^^^^^^^^^^^^^^^^^^^^^^^^^^^^^^^^^^^
    )
    ^
  File "E:\AI\projects\uoink\checkouts\Yoink-library\library_mirror.py", line 805, in _with_isolated_lease_session
    session = _VaultIoSession.start(dest)
  File "E:\AI\projects\uoink\checkouts\Yoink-library\library_mirror.py", line 1526, in start
    session.launch()
    ~~~~~~~~~~~~~~^^
  File "E:\AI\projects\uoink\checkouts\Yoink-library\library_mirror.py", line 1607, in launch
    raise OSError("vault io worker failed to start") from exc
OSError: vault io worker failed to start
______________ test_purge_removes_intent_owned_actual_temp_name _______________
tests\library_work_astra\test_phase4_aw_acceptance.py:350: in test_purge_removes_intent_owned_actual_temp_name
    export(env)
tests\library_work_astra\test_phase4_aw_acceptance.py:65: in export
    assert result["ok"], result
E   AssertionError: {'ok': False, 'schema_version': 1, 'contract_version': 'phase4-v1-2026-09-08', 'error': {'code': 'destination_unavailable', 'message': 'The mirror destination is unavailable.', 'retryable': True, 'details': {'reason': 'OSError'}}, ...}
E   assert False
----------------------------- Captured log setup ------------------------------
INFO     uoink.index:index.py:244 applying index migration 0001 (0001_initial_schema.sql)
INFO     uoink.index:index.py:244 applying index migration 0002 (0002_entity_graph.sql)
INFO     uoink.index:index.py:244 applying index migration 0003 (0003_taxonomy_corrections.sql)
INFO     uoink.index:index.py:244 applying index migration 0004 (0004_memory_indexes.sql)
INFO     uoink.index:index.py:244 applying index migration 0005 (0005_pending_yoinks.sql)
INFO     uoink.index:index.py:244 applying index migration 0006 (0006_v2_schema.sql)
INFO     uoink.index:index.py:244 applying index migration 0007 (0007_p4_workspaces.sql)
INFO     uoink.index:index.py:244 applying index migration 0008 (0008_a2_claims.sql)
INFO     uoink.index:index.py:244 applying index migration 0009 (0009_p5_scripts.sql)
INFO     uoink.index:index.py:244 applying index migration 0010 (0010_podcast_feeds.sql)
INFO     uoink.index:index.py:244 applying index migration 0011 (0011_podcast_audio.sql)
INFO     uoink.index:index.py:244 applying index migration 0012 (0012_whisper_transcripts.sql)
INFO     uoink.index:index.py:244 applying index migration 0013 (0013_monitored_playlists.sql)
INFO     uoink.index:index.py:244 applying index migration 0014 (0014_writing_studio.sql)
INFO     uoink.index:index.py:244 applying index migration 0015 (0015_universal_site.sql)
INFO     uoink.index:index.py:244 applying index migration 0016 (0016_default_style_anchors.sql)
INFO     uoink.index:index.py:244 applying index migration 0017 (0017_pending_long_video_mode.sql)
INFO     uoink.index:index.py:244 applying index migration 0018 (0018_writing_drafts.sql)
INFO     uoink.index:index.py:244 applying index migration 0019 (0019_auto_uoink.sql)
INFO     uoink.index:index.py:244 applying index migration 0020 (0020_platform_author.sql)
INFO     uoink.index:index.py:244 applying index migration 0021 (0021_suite_engagement.sql)
INFO     uoink.index:index.py:244 applying index migration 0022 (0022_podcast_corpus.sql)
INFO     uoink.index:index.py:244 applying index migration 0023 (0023_podcast_watch.sql)
INFO     uoink.index:index.py:244 applying index migration 0024 (0024_clips.sql)
INFO     uoink.index:index.py:244 applying index migration 0025 (0025_source_type_backfill.sql)
INFO     uoink.index:index.py:244 applying index migration 0026 (0026_provenance_precedence.sql)
INFO     uoink.index:index.py:244 applying index migration 0027 (0027_library_substrate.sql)
INFO     uoink.index:index.py:244 applying index migration 0028 (0028_source_subscriptions.sql)
INFO     uoink.index:index.py:244 applying index migration 0030 (0030_media_depth.sql)
------------------------------ Captured log call ------------------------------
ERROR    uoink.library_mirror:library_mirror.py:2214 mirror ledger update failed for capture
Traceback (most recent call last):
  File "E:\AI\projects\uoink\checkouts\Yoink-library\library_mirror.py", line 1595, in launch
    proc = subprocess.Popen(
        [sys.executable, "-B", worker],
        **kwargs,
    )
  File "C:\Python314\Lib\subprocess.py", line 1039, in __init__
    self._execute_child(args, executable, preexec_fn, close_fds,
    ~~~~~~~~~~~~~~~~~~~^^^^^^^^^^^^^^^^^^^^^^^^^^^^^^^^^^^^^^^^^
                        pass_fds, cwd, env,
                        ^^^^^^^^^^^^^^^^^^^
    ...<5 lines>...
                        gid, gids, uid, umask,
                        ^^^^^^^^^^^^^^^^^^^^^^
                        start_new_session, process_group)
                        ^^^^^^^^^^^^^^^^^^^^^^^^^^^^^^^^^
  File "C:\Python314\Lib\subprocess.py", line 1549, in _execute_child
    sys.audit("subprocess.Popen", executable, args, cwd, env)
    ~~~~~~~~~^^^^^^^^^^^^^^^^^^^^^^^^^^^^^^^^^^^^^^^^^^^^^^^^
  File "E:\AI\projects\uoink\checkouts\Yoink-library\tests\library_work_astra\run_phase3_companions.py", line 84, in audit
    deny(event, args[0])
    ~~~~^^^^^^^^^^^^^^^^
  File "E:\AI\projects\uoink\checkouts\Yoink-library\tests\library_work_astra\run_phase3_companions.py", line 53, in deny
    raise AssertionError('AS6 blocked ' + event + ': ' + str(detail))
AssertionError: AS6 blocked subprocess.Popen: None

The above exception was the direct cause of the following exception:

Traceback (most recent call last):
  File "E:\AI\projects\uoink\checkouts\Yoink-library\library_mirror.py", line 2212, in on_committed_event
    self._record_event(kind, video_id=video_id, shelf_id=shelf_id, brief_hash=brief_hash)
    ~~~~~~~~~~~~~~~~~~^^^^^^^^^^^^^^^^^^^^^^^^^^^^^^^^^^^^^^^^^^^^^^^^^^^^^^^^^^^^^^^^^^^
  File "E:\AI\projects\uoink\checkouts\Yoink-library\library_mirror.py", line 3026, in _record_event
    self._save_ledger(ledger)
    ~~~~~~~~~~~~~~~~~^^^^^^^^
  File "E:\AI\projects\uoink\checkouts\Yoink-library\library_mirror.py", line 2789, in _save_ledger
    self._atomic_local(path, payload)
    ~~~~~~~~~~~~~~~~~~^^^^^^^^^^^^^^^
  File "E:\AI\projects\uoink\checkouts\Yoink-library\library_mirror.py", line 2874, in _atomic_local
    _with_isolated_lease_session(
    ~~~~~~~~~~~~~~~~~~~~~~~~~~~~^
        dest, lambda sess: sess.local_put(str(path), data),
        ^^^^^^^^^^^^^^^^^^^^^^^^^^^^^^^^^^^^^^^^^^^^^^^^^^^
    )
    ^
  File "E:\AI\projects\uoink\checkouts\Yoink-library\library_mirror.py", line 805, in _with_isolated_lease_session
    session = _VaultIoSession.start(dest)
  File "E:\AI\projects\uoink\checkouts\Yoink-library\library_mirror.py", line 1526, in start
    session.launch()
    ~~~~~~~~~~~~~~^^
  File "E:\AI\projects\uoink\checkouts\Yoink-library\library_mirror.py", line 1607, in launch
    raise OSError("vault io worker failed to start") from exc
OSError: vault io worker failed to start
___________ test_timed_out_vault_worker_cannot_publish_after_return ___________
tests\library_work_astra\test_phase4_aw_acceptance.py:419: in test_timed_out_vault_worker_cannot_publish_after_return
    assert entered.is_set()
E   assert False
E    +  where False = is_set()
E    +    where is_set = <threading.Event at 0x2a2fcbe0fb0: unset>.is_set

During handling of the above exception, another exception occurred:
tests\library_work_astra\test_phase4_aw_acceptance.py:423: in test_timed_out_vault_worker_cannot_publish_after_return
    assert finished.wait(3)
E   assert False
E    +  where False = wait(3)
E    +    where wait = <threading.Event at 0x2a2fcce9550: unset>.wait
----------------------------- Captured log setup ------------------------------
INFO     uoink.index:index.py:244 applying index migration 0001 (0001_initial_schema.sql)
INFO     uoink.index:index.py:244 applying index migration 0002 (0002_entity_graph.sql)
INFO     uoink.index:index.py:244 applying index migration 0003 (0003_taxonomy_corrections.sql)
INFO     uoink.index:index.py:244 applying index migration 0004 (0004_memory_indexes.sql)
INFO     uoink.index:index.py:244 applying index migration 0005 (0005_pending_yoinks.sql)
INFO     uoink.index:index.py:244 applying index migration 0006 (0006_v2_schema.sql)
INFO     uoink.index:index.py:244 applying index migration 0007 (0007_p4_workspaces.sql)
INFO     uoink.index:index.py:244 applying index migration 0008 (0008_a2_claims.sql)
INFO     uoink.index:index.py:244 applying index migration 0009 (0009_p5_scripts.sql)
INFO     uoink.index:index.py:244 applying index migration 0010 (0010_podcast_feeds.sql)
INFO     uoink.index:index.py:244 applying index migration 0011 (0011_podcast_audio.sql)
INFO     uoink.index:index.py:244 applying index migration 0012 (0012_whisper_transcripts.sql)
INFO     uoink.index:index.py:244 applying index migration 0013 (0013_monitored_playlists.sql)
INFO     uoink.index:index.py:244 applying index migration 0014 (0014_writing_studio.sql)
INFO     uoink.index:index.py:244 applying index migration 0015 (0015_universal_site.sql)
INFO     uoink.index:index.py:244 applying index migration 0016 (0016_default_style_anchors.sql)
INFO     uoink.index:index.py:244 applying index migration 0017 (0017_pending_long_video_mode.sql)
INFO     uoink.index:index.py:244 applying index migration 0018 (0018_writing_drafts.sql)
INFO     uoink.index:index.py:244 applying index migration 0019 (0019_auto_uoink.sql)
INFO     uoink.index:index.py:244 applying index migration 0020 (0020_platform_author.sql)
INFO     uoink.index:index.py:244 applying index migration 0021 (0021_suite_engagement.sql)
INFO     uoink.index:index.py:244 applying index migration 0022 (0022_podcast_corpus.sql)
INFO     uoink.index:index.py:244 applying index migration 0023 (0023_podcast_watch.sql)
INFO     uoink.index:index.py:244 applying index migration 0024 (0024_clips.sql)
INFO     uoink.index:index.py:244 applying index migration 0025 (0025_source_type_backfill.sql)
INFO     uoink.index:index.py:244 applying index migration 0026 (0026_provenance_precedence.sql)
INFO     uoink.index:index.py:244 applying index migration 0027 (0027_library_substrate.sql)
INFO     uoink.index:index.py:244 applying index migration 0028 (0028_source_subscriptions.sql)
INFO     uoink.index:index.py:244 applying index migration 0030 (0030_media_depth.sql)
------------------------------ Captured log call ------------------------------
ERROR    uoink.library_mirror:library_mirror.py:2214 mirror ledger update failed for capture
Traceback (most recent call last):
  File "E:\AI\projects\uoink\checkouts\Yoink-library\library_mirror.py", line 1595, in launch
    proc = subprocess.Popen(
        [sys.executable, "-B", worker],
        **kwargs,
    )
  File "C:\Python314\Lib\subprocess.py", line 1039, in __init__
    self._execute_child(args, executable, preexec_fn, close_fds,
    ~~~~~~~~~~~~~~~~~~~^^^^^^^^^^^^^^^^^^^^^^^^^^^^^^^^^^^^^^^^^
                        pass_fds, cwd, env,
                        ^^^^^^^^^^^^^^^^^^^
    ...<5 lines>...
                        gid, gids, uid, umask,
                        ^^^^^^^^^^^^^^^^^^^^^^
                        start_new_session, process_group)
                        ^^^^^^^^^^^^^^^^^^^^^^^^^^^^^^^^^
  File "C:\Python314\Lib\subprocess.py", line 1549, in _execute_child
    sys.audit("subprocess.Popen", executable, args, cwd, env)
    ~~~~~~~~~^^^^^^^^^^^^^^^^^^^^^^^^^^^^^^^^^^^^^^^^^^^^^^^^
  File "E:\AI\projects\uoink\checkouts\Yoink-library\tests\library_work_astra\run_phase3_companions.py", line 84, in audit
    deny(event, args[0])
    ~~~~^^^^^^^^^^^^^^^^
  File "E:\AI\projects\uoink\checkouts\Yoink-library\tests\library_work_astra\run_phase3_companions.py", line 53, in deny
    raise AssertionError('AS6 blocked ' + event + ': ' + str(detail))
AssertionError: AS6 blocked subprocess.Popen: None

The above exception was the direct cause of the following exception:

Traceback (most recent call last):
  File "E:\AI\projects\uoink\checkouts\Yoink-library\library_mirror.py", line 2212, in on_committed_event
    self._record_event(kind, video_id=video_id, shelf_id=shelf_id, brief_hash=brief_hash)
    ~~~~~~~~~~~~~~~~~~^^^^^^^^^^^^^^^^^^^^^^^^^^^^^^^^^^^^^^^^^^^^^^^^^^^^^^^^^^^^^^^^^^^
  File "E:\AI\projects\uoink\checkouts\Yoink-library\library_mirror.py", line 3026, in _record_event
    self._save_ledger(ledger)
    ~~~~~~~~~~~~~~~~~^^^^^^^^
  File "E:\AI\projects\uoink\checkouts\Yoink-library\library_mirror.py", line 2789, in _save_ledger
    self._atomic_local(path, payload)
    ~~~~~~~~~~~~~~~~~~^^^^^^^^^^^^^^^
  File "E:\AI\projects\uoink\checkouts\Yoink-library\library_mirror.py", line 2874, in _atomic_local
    _with_isolated_lease_session(
    ~~~~~~~~~~~~~~~~~~~~~~~~~~~~^
        dest, lambda sess: sess.local_put(str(path), data),
        ^^^^^^^^^^^^^^^^^^^^^^^^^^^^^^^^^^^^^^^^^^^^^^^^^^^
    )
    ^
  File "E:\AI\projects\uoink\checkouts\Yoink-library\library_mirror.py", line 805, in _with_isolated_lease_session
    session = _VaultIoSession.start(dest)
  File "E:\AI\projects\uoink\checkouts\Yoink-library\library_mirror.py", line 1526, in start
    session.launch()
    ~~~~~~~~~~~~~~^^
  File "E:\AI\projects\uoink\checkouts\Yoink-library\library_mirror.py", line 1607, in launch
    raise OSError("vault io worker failed to start") from exc
OSError: vault io worker failed to start
_________ test_manifest_failure_keeps_recovery_intent_and_no_success __________
tests\library_work_astra\test_phase4_aw_acceptance.py:439: in test_manifest_failure_keeps_recovery_intent_and_no_success
    assert env.mirror._intent_path(mirror.item_key("a")).exists()
E   AssertionError: assert False
E    +  where False = exists()
E    +    where exists = WindowsPath('E:/AI/projects/uoink/checkouts/Yoink-library/_scratch/r7uu3hx6/t/a26/d/reach/mirror/intents/59a86c27e75796c1311380a86356886410328f7b77cff9117f66ac8bff3ff03a.json').exists
E    +      where WindowsPath('E:/AI/projects/uoink/checkouts/Yoink-library/_scratch/r7uu3hx6/t/a26/d/reach/mirror/intents/59a86c27e75796c1311380a86356886410328f7b77cff9117f66ac8bff3ff03a.json') = _intent_path('item:a')
E    +        where _intent_path = <library_mirror.Mirror object at 0x000002A2FCD54140>._intent_path
E    +          where <library_mirror.Mirror object at 0x000002A2FCD54140> = namespace(root=WindowsPath('E:/AI/projects/uoink/checkouts/Yoink-library/_scratch/r7uu3hx6/t/a26'), idx=<index.Index o...uoink/checkouts/Yoink-library/_scratch/r7uu3hx6/t/a26/v'), mirror=<library_mirror.Mirror object at 0x000002A2FCD54140>).mirror
E    +        and   'item:a' = <function item_key at 0x000002A2FCA621F0>('a')
E    +          where <function item_key at 0x000002A2FCA621F0> = mirror.item_key
----------------------------- Captured log setup ------------------------------
INFO     uoink.index:index.py:244 applying index migration 0001 (0001_initial_schema.sql)
INFO     uoink.index:index.py:244 applying index migration 0002 (0002_entity_graph.sql)
INFO     uoink.index:index.py:244 applying index migration 0003 (0003_taxonomy_corrections.sql)
INFO     uoink.index:index.py:244 applying index migration 0004 (0004_memory_indexes.sql)
INFO     uoink.index:index.py:244 applying index migration 0005 (0005_pending_yoinks.sql)
INFO     uoink.index:index.py:244 applying index migration 0006 (0006_v2_schema.sql)
INFO     uoink.index:index.py:244 applying index migration 0007 (0007_p4_workspaces.sql)
INFO     uoink.index:index.py:244 applying index migration 0008 (0008_a2_claims.sql)
INFO     uoink.index:index.py:244 applying index migration 0009 (0009_p5_scripts.sql)
INFO     uoink.index:index.py:244 applying index migration 0010 (0010_podcast_feeds.sql)
INFO     uoink.index:index.py:244 applying index migration 0011 (0011_podcast_audio.sql)
INFO     uoink.index:index.py:244 applying index migration 0012 (0012_whisper_transcripts.sql)
INFO     uoink.index:index.py:244 applying index migration 0013 (0013_monitored_playlists.sql)
INFO     uoink.index:index.py:244 applying index migration 0014 (0014_writing_studio.sql)
INFO     uoink.index:index.py:244 applying index migration 0015 (0015_universal_site.sql)
INFO     uoink.index:index.py:244 applying index migration 0016 (0016_default_style_anchors.sql)
INFO     uoink.index:index.py:244 applying index migration 0017 (0017_pending_long_video_mode.sql)
INFO     uoink.index:index.py:244 applying index migration 0018 (0018_writing_drafts.sql)
INFO     uoink.index:index.py:244 applying index migration 0019 (0019_auto_uoink.sql)
INFO     uoink.index:index.py:244 applying index migration 0020 (0020_platform_author.sql)
INFO     uoink.index:index.py:244 applying index migration 0021 (0021_suite_engagement.sql)
INFO     uoink.index:index.py:244 applying index migration 0022 (0022_podcast_corpus.sql)
INFO     uoink.index:index.py:244 applying index migration 0023 (0023_podcast_watch.sql)
INFO     uoink.index:index.py:244 applying index migration 0024 (0024_clips.sql)
INFO     uoink.index:index.py:244 applying index migration 0025 (0025_source_type_backfill.sql)
INFO     uoink.index:index.py:244 applying index migration 0026 (0026_provenance_precedence.sql)
INFO     uoink.index:index.py:244 applying index migration 0027 (0027_library_substrate.sql)
INFO     uoink.index:index.py:244 applying index migration 0028 (0028_source_subscriptions.sql)
INFO     uoink.index:index.py:244 applying index migration 0030 (0030_media_depth.sql)
------------------------------ Captured log call ------------------------------
ERROR    uoink.library_mirror:library_mirror.py:2214 mirror ledger update failed for capture
Traceback (most recent call last):
  File "E:\AI\projects\uoink\checkouts\Yoink-library\library_mirror.py", line 1595, in launch
    proc = subprocess.Popen(
        [sys.executable, "-B", worker],
        **kwargs,
    )
  File "C:\Python314\Lib\subprocess.py", line 1039, in __init__
    self._execute_child(args, executable, preexec_fn, close_fds,
    ~~~~~~~~~~~~~~~~~~~^^^^^^^^^^^^^^^^^^^^^^^^^^^^^^^^^^^^^^^^^
                        pass_fds, cwd, env,
                        ^^^^^^^^^^^^^^^^^^^
    ...<5 lines>...
                        gid, gids, uid, umask,
                        ^^^^^^^^^^^^^^^^^^^^^^
                        start_new_session, process_group)
                        ^^^^^^^^^^^^^^^^^^^^^^^^^^^^^^^^^
  File "C:\Python314\Lib\subprocess.py", line 1549, in _execute_child
    sys.audit("subprocess.Popen", executable, args, cwd, env)
    ~~~~~~~~~^^^^^^^^^^^^^^^^^^^^^^^^^^^^^^^^^^^^^^^^^^^^^^^^
  File "E:\AI\projects\uoink\checkouts\Yoink-library\tests\library_work_astra\run_phase3_companions.py", line 84, in audit
    deny(event, args[0])
    ~~~~^^^^^^^^^^^^^^^^
  File "E:\AI\projects\uoink\checkouts\Yoink-library\tests\library_work_astra\run_phase3_companions.py", line 53, in deny
    raise AssertionError('AS6 blocked ' + event + ': ' + str(detail))
AssertionError: AS6 blocked subprocess.Popen: None

The above exception was the direct cause of the following exception:

Traceback (most recent call last):
  File "E:\AI\projects\uoink\checkouts\Yoink-library\library_mirror.py", line 2212, in on_committed_event
    self._record_event(kind, video_id=video_id, shelf_id=shelf_id, brief_hash=brief_hash)
    ~~~~~~~~~~~~~~~~~~^^^^^^^^^^^^^^^^^^^^^^^^^^^^^^^^^^^^^^^^^^^^^^^^^^^^^^^^^^^^^^^^^^^
  File "E:\AI\projects\uoink\checkouts\Yoink-library\library_mirror.py", line 3026, in _record_event
    self._save_ledger(ledger)
    ~~~~~~~~~~~~~~~~~^^^^^^^^
  File "E:\AI\projects\uoink\checkouts\Yoink-library\library_mirror.py", line 2789, in _save_ledger
    self._atomic_local(path, payload)
    ~~~~~~~~~~~~~~~~~~^^^^^^^^^^^^^^^
  File "E:\AI\projects\uoink\checkouts\Yoink-library\library_mirror.py", line 2874, in _atomic_local
    _with_isolated_lease_session(
    ~~~~~~~~~~~~~~~~~~~~~~~~~~~~^
        dest, lambda sess: sess.local_put(str(path), data),
        ^^^^^^^^^^^^^^^^^^^^^^^^^^^^^^^^^^^^^^^^^^^^^^^^^^^
    )
    ^
  File "E:\AI\projects\uoink\checkouts\Yoink-library\library_mirror.py", line 805, in _with_isolated_lease_session
    session = _VaultIoSession.start(dest)
  File "E:\AI\projects\uoink\checkouts\Yoink-library\library_mirror.py", line 1526, in start
    session.launch()
    ~~~~~~~~~~~~~~^^
  File "E:\AI\projects\uoink\checkouts\Yoink-library\library_mirror.py", line 1607, in launch
    raise OSError("vault io worker failed to start") from exc
OSError: vault io worker failed to start
_________ test_missing_volume_marker_is_not_adopted_after_prior_sync __________
tests\library_work_astra\test_phase4_aw_acceptance.py:443: in test_missing_volume_marker_is_not_adopted_after_prior_sync
    export(env)
tests\library_work_astra\test_phase4_aw_acceptance.py:65: in export
    assert result["ok"], result
E   AssertionError: {'ok': False, 'schema_version': 1, 'contract_version': 'phase4-v1-2026-09-08', 'error': {'code': 'destination_unavailable', 'message': 'The mirror destination is unavailable.', 'retryable': True, 'details': {'reason': 'OSError'}}, ...}
E   assert False
----------------------------- Captured log setup ------------------------------
INFO     uoink.index:index.py:244 applying index migration 0001 (0001_initial_schema.sql)
INFO     uoink.index:index.py:244 applying index migration 0002 (0002_entity_graph.sql)
INFO     uoink.index:index.py:244 applying index migration 0003 (0003_taxonomy_corrections.sql)
INFO     uoink.index:index.py:244 applying index migration 0004 (0004_memory_indexes.sql)
INFO     uoink.index:index.py:244 applying index migration 0005 (0005_pending_yoinks.sql)
INFO     uoink.index:index.py:244 applying index migration 0006 (0006_v2_schema.sql)
INFO     uoink.index:index.py:244 applying index migration 0007 (0007_p4_workspaces.sql)
INFO     uoink.index:index.py:244 applying index migration 0008 (0008_a2_claims.sql)
INFO     uoink.index:index.py:244 applying index migration 0009 (0009_p5_scripts.sql)
INFO     uoink.index:index.py:244 applying index migration 0010 (0010_podcast_feeds.sql)
INFO     uoink.index:index.py:244 applying index migration 0011 (0011_podcast_audio.sql)
INFO     uoink.index:index.py:244 applying index migration 0012 (0012_whisper_transcripts.sql)
INFO     uoink.index:index.py:244 applying index migration 0013 (0013_monitored_playlists.sql)
INFO     uoink.index:index.py:244 applying index migration 0014 (0014_writing_studio.sql)
INFO     uoink.index:index.py:244 applying index migration 0015 (0015_universal_site.sql)
INFO     uoink.index:index.py:244 applying index migration 0016 (0016_default_style_anchors.sql)
INFO     uoink.index:index.py:244 applying index migration 0017 (0017_pending_long_video_mode.sql)
INFO     uoink.index:index.py:244 applying index migration 0018 (0018_writing_drafts.sql)
INFO     uoink.index:index.py:244 applying index migration 0019 (0019_auto_uoink.sql)
INFO     uoink.index:index.py:244 applying index migration 0020 (0020_platform_author.sql)
INFO     uoink.index:index.py:244 applying index migration 0021 (0021_suite_engagement.sql)
INFO     uoink.index:index.py:244 applying index migration 0022 (0022_podcast_corpus.sql)
INFO     uoink.index:index.py:244 applying index migration 0023 (0023_podcast_watch.sql)
INFO     uoink.index:index.py:244 applying index migration 0024 (0024_clips.sql)
INFO     uoink.index:index.py:244 applying index migration 0025 (0025_source_type_backfill.sql)
INFO     uoink.index:index.py:244 applying index migration 0026 (0026_provenance_precedence.sql)
INFO     uoink.index:index.py:244 applying index migration 0027 (0027_library_substrate.sql)
INFO     uoink.index:index.py:244 applying index migration 0028 (0028_source_subscriptions.sql)
INFO     uoink.index:index.py:244 applying index migration 0030 (0030_media_depth.sql)
------------------------------ Captured log call ------------------------------
ERROR    uoink.library_mirror:library_mirror.py:2214 mirror ledger update failed for capture
Traceback (most recent call last):
  File "E:\AI\projects\uoink\checkouts\Yoink-library\library_mirror.py", line 1595, in launch
    proc = subprocess.Popen(
        [sys.executable, "-B", worker],
        **kwargs,
    )
  File "C:\Python314\Lib\subprocess.py", line 1039, in __init__
    self._execute_child(args, executable, preexec_fn, close_fds,
    ~~~~~~~~~~~~~~~~~~~^^^^^^^^^^^^^^^^^^^^^^^^^^^^^^^^^^^^^^^^^
                        pass_fds, cwd, env,
                        ^^^^^^^^^^^^^^^^^^^
    ...<5 lines>...
                        gid, gids, uid, umask,
                        ^^^^^^^^^^^^^^^^^^^^^^
                        start_new_session, process_group)
                        ^^^^^^^^^^^^^^^^^^^^^^^^^^^^^^^^^
  File "C:\Python314\Lib\subprocess.py", line 1549, in _execute_child
    sys.audit("subprocess.Popen", executable, args, cwd, env)
    ~~~~~~~~~^^^^^^^^^^^^^^^^^^^^^^^^^^^^^^^^^^^^^^^^^^^^^^^^
  File "E:\AI\projects\uoink\checkouts\Yoink-library\tests\library_work_astra\run_phase3_companions.py", line 84, in audit
    deny(event, args[0])
    ~~~~^^^^^^^^^^^^^^^^
  File "E:\AI\projects\uoink\checkouts\Yoink-library\tests\library_work_astra\run_phase3_companions.py", line 53, in deny
    raise AssertionError('AS6 blocked ' + event + ': ' + str(detail))
AssertionError: AS6 blocked subprocess.Popen: None

The above exception was the direct cause of the following exception:

Traceback (most recent call last):
  File "E:\AI\projects\uoink\checkouts\Yoink-library\library_mirror.py", line 2212, in on_committed_event
    self._record_event(kind, video_id=video_id, shelf_id=shelf_id, brief_hash=brief_hash)
    ~~~~~~~~~~~~~~~~~~^^^^^^^^^^^^^^^^^^^^^^^^^^^^^^^^^^^^^^^^^^^^^^^^^^^^^^^^^^^^^^^^^^^
  File "E:\AI\projects\uoink\checkouts\Yoink-library\library_mirror.py", line 3026, in _record_event
    self._save_ledger(ledger)
    ~~~~~~~~~~~~~~~~~^^^^^^^^
  File "E:\AI\projects\uoink\checkouts\Yoink-library\library_mirror.py", line 2789, in _save_ledger
    self._atomic_local(path, payload)
    ~~~~~~~~~~~~~~~~~~^^^^^^^^^^^^^^^
  File "E:\AI\projects\uoink\checkouts\Yoink-library\library_mirror.py", line 2874, in _atomic_local
    _with_isolated_lease_session(
    ~~~~~~~~~~~~~~~~~~~~~~~~~~~~^
        dest, lambda sess: sess.local_put(str(path), data),
        ^^^^^^^^^^^^^^^^^^^^^^^^^^^^^^^^^^^^^^^^^^^^^^^^^^^
    )
    ^
  File "E:\AI\projects\uoink\checkouts\Yoink-library\library_mirror.py", line 805, in _with_isolated_lease_session
    session = _VaultIoSession.start(dest)
  File "E:\AI\projects\uoink\checkouts\Yoink-library\library_mirror.py", line 1526, in start
    session.launch()
    ~~~~~~~~~~~~~~^^
  File "E:\AI\projects\uoink\checkouts\Yoink-library\library_mirror.py", line 1607, in launch
    raise OSError("vault io worker failed to start") from exc
OSError: vault io worker failed to start
_______________ test_shelf_links_resolve_to_exported_item_files _______________
tests\library_work_astra\test_phase4_aw_acceptance.py:454: in test_shelf_links_resolve_to_exported_item_files
    export(env)
tests\library_work_astra\test_phase4_aw_acceptance.py:65: in export
    assert result["ok"], result
E   AssertionError: {'ok': False, 'schema_version': 1, 'contract_version': 'phase4-v1-2026-09-08', 'error': {'code': 'destination_unavailable', 'message': 'The mirror destination is unavailable.', 'retryable': True, 'details': {'reason': 'OSError'}}, ...}
E   assert False
----------------------------- Captured log setup ------------------------------
INFO     uoink.index:index.py:244 applying index migration 0001 (0001_initial_schema.sql)
INFO     uoink.index:index.py:244 applying index migration 0002 (0002_entity_graph.sql)
INFO     uoink.index:index.py:244 applying index migration 0003 (0003_taxonomy_corrections.sql)
INFO     uoink.index:index.py:244 applying index migration 0004 (0004_memory_indexes.sql)
INFO     uoink.index:index.py:244 applying index migration 0005 (0005_pending_yoinks.sql)
INFO     uoink.index:index.py:244 applying index migration 0006 (0006_v2_schema.sql)
INFO     uoink.index:index.py:244 applying index migration 0007 (0007_p4_workspaces.sql)
INFO     uoink.index:index.py:244 applying index migration 0008 (0008_a2_claims.sql)
INFO     uoink.index:index.py:244 applying index migration 0009 (0009_p5_scripts.sql)
INFO     uoink.index:index.py:244 applying index migration 0010 (0010_podcast_feeds.sql)
INFO     uoink.index:index.py:244 applying index migration 0011 (0011_podcast_audio.sql)
INFO     uoink.index:index.py:244 applying index migration 0012 (0012_whisper_transcripts.sql)
INFO     uoink.index:index.py:244 applying index migration 0013 (0013_monitored_playlists.sql)
INFO     uoink.index:index.py:244 applying index migration 0014 (0014_writing_studio.sql)
INFO     uoink.index:index.py:244 applying index migration 0015 (0015_universal_site.sql)
INFO     uoink.index:index.py:244 applying index migration 0016 (0016_default_style_anchors.sql)
INFO     uoink.index:index.py:244 applying index migration 0017 (0017_pending_long_video_mode.sql)
INFO     uoink.index:index.py:244 applying index migration 0018 (0018_writing_drafts.sql)
INFO     uoink.index:index.py:244 applying index migration 0019 (0019_auto_uoink.sql)
INFO     uoink.index:index.py:244 applying index migration 0020 (0020_platform_author.sql)
INFO     uoink.index:index.py:244 applying index migration 0021 (0021_suite_engagement.sql)
INFO     uoink.index:index.py:244 applying index migration 0022 (0022_podcast_corpus.sql)
INFO     uoink.index:index.py:244 applying index migration 0023 (0023_podcast_watch.sql)
INFO     uoink.index:index.py:244 applying index migration 0024 (0024_clips.sql)
INFO     uoink.index:index.py:244 applying index migration 0025 (0025_source_type_backfill.sql)
INFO     uoink.index:index.py:244 applying index migration 0026 (0026_provenance_precedence.sql)
INFO     uoink.index:index.py:244 applying index migration 0027 (0027_library_substrate.sql)
INFO     uoink.index:index.py:244 applying index migration 0028 (0028_source_subscriptions.sql)
INFO     uoink.index:index.py:244 applying index migration 0030 (0030_media_depth.sql)
------------------------------ Captured log call ------------------------------
ERROR    uoink.library_mirror:library_mirror.py:2214 mirror ledger update failed for capture
Traceback (most recent call last):
  File "E:\AI\projects\uoink\checkouts\Yoink-library\library_mirror.py", line 1595, in launch
    proc = subprocess.Popen(
        [sys.executable, "-B", worker],
        **kwargs,
    )
  File "C:\Python314\Lib\subprocess.py", line 1039, in __init__
    self._execute_child(args, executable, preexec_fn, close_fds,
    ~~~~~~~~~~~~~~~~~~~^^^^^^^^^^^^^^^^^^^^^^^^^^^^^^^^^^^^^^^^^
                        pass_fds, cwd, env,
                        ^^^^^^^^^^^^^^^^^^^
    ...<5 lines>...
                        gid, gids, uid, umask,
                        ^^^^^^^^^^^^^^^^^^^^^^
                        start_new_session, process_group)
                        ^^^^^^^^^^^^^^^^^^^^^^^^^^^^^^^^^
  File "C:\Python314\Lib\subprocess.py", line 1549, in _execute_child
    sys.audit("subprocess.Popen", executable, args, cwd, env)
    ~~~~~~~~~^^^^^^^^^^^^^^^^^^^^^^^^^^^^^^^^^^^^^^^^^^^^^^^^
  File "E:\AI\projects\uoink\checkouts\Yoink-library\tests\library_work_astra\run_phase3_companions.py", line 84, in audit
    deny(event, args[0])
    ~~~~^^^^^^^^^^^^^^^^
  File "E:\AI\projects\uoink\checkouts\Yoink-library\tests\library_work_astra\run_phase3_companions.py", line 53, in deny
    raise AssertionError('AS6 blocked ' + event + ': ' + str(detail))
AssertionError: AS6 blocked subprocess.Popen: None

The above exception was the direct cause of the following exception:

Traceback (most recent call last):
  File "E:\AI\projects\uoink\checkouts\Yoink-library\library_mirror.py", line 2212, in on_committed_event
    self._record_event(kind, video_id=video_id, shelf_id=shelf_id, brief_hash=brief_hash)
    ~~~~~~~~~~~~~~~~~~^^^^^^^^^^^^^^^^^^^^^^^^^^^^^^^^^^^^^^^^^^^^^^^^^^^^^^^^^^^^^^^^^^^
  File "E:\AI\projects\uoink\checkouts\Yoink-library\library_mirror.py", line 3026, in _record_event
    self._save_ledger(ledger)
    ~~~~~~~~~~~~~~~~~^^^^^^^^
  File "E:\AI\projects\uoink\checkouts\Yoink-library\library_mirror.py", line 2789, in _save_ledger
    self._atomic_local(path, payload)
    ~~~~~~~~~~~~~~~~~~^^^^^^^^^^^^^^^
  File "E:\AI\projects\uoink\checkouts\Yoink-library\library_mirror.py", line 2874, in _atomic_local
    _with_isolated_lease_session(
    ~~~~~~~~~~~~~~~~~~~~~~~~~~~~^
        dest, lambda sess: sess.local_put(str(path), data),
        ^^^^^^^^^^^^^^^^^^^^^^^^^^^^^^^^^^^^^^^^^^^^^^^^^^^
    )
    ^
  File "E:\AI\projects\uoink\checkouts\Yoink-library\library_mirror.py", line 805, in _with_isolated_lease_session
    session = _VaultIoSession.start(dest)
  File "E:\AI\projects\uoink\checkouts\Yoink-library\library_mirror.py", line 1526, in start
    session.launch()
    ~~~~~~~~~~~~~~^^
  File "E:\AI\projects\uoink\checkouts\Yoink-library\library_mirror.py", line 1607, in launch
    raise OSError("vault io worker failed to start") from exc
OSError: vault io worker failed to start
______________ test_generated_index_escapes_raw_identity_markup _______________
tests\library_work_astra\test_phase4_aw_acceptance.py:469: in test_generated_index_escapes_raw_identity_markup
    export(env, hostile)
tests\library_work_astra\test_phase4_aw_acceptance.py:65: in export
    assert result["ok"], result
E   AssertionError: {'ok': False, 'schema_version': 1, 'contract_version': 'phase4-v1-2026-09-08', 'error': {'code': 'destination_unavailable', 'message': 'The mirror destination is unavailable.', 'retryable': True, 'details': {'reason': 'OSError'}}, ...}
E   assert False
----------------------------- Captured log setup ------------------------------
INFO     uoink.index:index.py:244 applying index migration 0001 (0001_initial_schema.sql)
INFO     uoink.index:index.py:244 applying index migration 0002 (0002_entity_graph.sql)
INFO     uoink.index:index.py:244 applying index migration 0003 (0003_taxonomy_corrections.sql)
INFO     uoink.index:index.py:244 applying index migration 0004 (0004_memory_indexes.sql)
INFO     uoink.index:index.py:244 applying index migration 0005 (0005_pending_yoinks.sql)
INFO     uoink.index:index.py:244 applying index migration 0006 (0006_v2_schema.sql)
INFO     uoink.index:index.py:244 applying index migration 0007 (0007_p4_workspaces.sql)
INFO     uoink.index:index.py:244 applying index migration 0008 (0008_a2_claims.sql)
INFO     uoink.index:index.py:244 applying index migration 0009 (0009_p5_scripts.sql)
INFO     uoink.index:index.py:244 applying index migration 0010 (0010_podcast_feeds.sql)
INFO     uoink.index:index.py:244 applying index migration 0011 (0011_podcast_audio.sql)
INFO     uoink.index:index.py:244 applying index migration 0012 (0012_whisper_transcripts.sql)
INFO     uoink.index:index.py:244 applying index migration 0013 (0013_monitored_playlists.sql)
INFO     uoink.index:index.py:244 applying index migration 0014 (0014_writing_studio.sql)
INFO     uoink.index:index.py:244 applying index migration 0015 (0015_universal_site.sql)
INFO     uoink.index:index.py:244 applying index migration 0016 (0016_default_style_anchors.sql)
INFO     uoink.index:index.py:244 applying index migration 0017 (0017_pending_long_video_mode.sql)
INFO     uoink.index:index.py:244 applying index migration 0018 (0018_writing_drafts.sql)
INFO     uoink.index:index.py:244 applying index migration 0019 (0019_auto_uoink.sql)
INFO     uoink.index:index.py:244 applying index migration 0020 (0020_platform_author.sql)
INFO     uoink.index:index.py:244 applying index migration 0021 (0021_suite_engagement.sql)
INFO     uoink.index:index.py:244 applying index migration 0022 (0022_podcast_corpus.sql)
INFO     uoink.index:index.py:244 applying index migration 0023 (0023_podcast_watch.sql)
INFO     uoink.index:index.py:244 applying index migration 0024 (0024_clips.sql)
INFO     uoink.index:index.py:244 applying index migration 0025 (0025_source_type_backfill.sql)
INFO     uoink.index:index.py:244 applying index migration 0026 (0026_provenance_precedence.sql)
INFO     uoink.index:index.py:244 applying index migration 0027 (0027_library_substrate.sql)
INFO     uoink.index:index.py:244 applying index migration 0028 (0028_source_subscriptions.sql)
INFO     uoink.index:index.py:244 applying index migration 0030 (0030_media_depth.sql)
------------------------------ Captured log call ------------------------------
ERROR    uoink.library_mirror:library_mirror.py:2214 mirror ledger update failed for capture
Traceback (most recent call last):
  File "E:\AI\projects\uoink\checkouts\Yoink-library\library_mirror.py", line 1595, in launch
    proc = subprocess.Popen(
        [sys.executable, "-B", worker],
        **kwargs,
    )
  File "C:\Python314\Lib\subprocess.py", line 1039, in __init__
    self._execute_child(args, executable, preexec_fn, close_fds,
    ~~~~~~~~~~~~~~~~~~~^^^^^^^^^^^^^^^^^^^^^^^^^^^^^^^^^^^^^^^^^
                        pass_fds, cwd, env,
                        ^^^^^^^^^^^^^^^^^^^
    ...<5 lines>...
                        gid, gids, uid, umask,
                        ^^^^^^^^^^^^^^^^^^^^^^
                        start_new_session, process_group)
                        ^^^^^^^^^^^^^^^^^^^^^^^^^^^^^^^^^
  File "C:\Python314\Lib\subprocess.py", line 1549, in _execute_child
    sys.audit("subprocess.Popen", executable, args, cwd, env)
    ~~~~~~~~~^^^^^^^^^^^^^^^^^^^^^^^^^^^^^^^^^^^^^^^^^^^^^^^^
  File "E:\AI\projects\uoink\checkouts\Yoink-library\tests\library_work_astra\run_phase3_companions.py", line 84, in audit
    deny(event, args[0])
    ~~~~^^^^^^^^^^^^^^^^
  File "E:\AI\projects\uoink\checkouts\Yoink-library\tests\library_work_astra\run_phase3_companions.py", line 53, in deny
    raise AssertionError('AS6 blocked ' + event + ': ' + str(detail))
AssertionError: AS6 blocked subprocess.Popen: None

The above exception was the direct cause of the following exception:

Traceback (most recent call last):
  File "E:\AI\projects\uoink\checkouts\Yoink-library\library_mirror.py", line 2212, in on_committed_event
    self._record_event(kind, video_id=video_id, shelf_id=shelf_id, brief_hash=brief_hash)
    ~~~~~~~~~~~~~~~~~~^^^^^^^^^^^^^^^^^^^^^^^^^^^^^^^^^^^^^^^^^^^^^^^^^^^^^^^^^^^^^^^^^^^
  File "E:\AI\projects\uoink\checkouts\Yoink-library\library_mirror.py", line 3026, in _record_event
    self._save_ledger(ledger)
    ~~~~~~~~~~~~~~~~~^^^^^^^^
  File "E:\AI\projects\uoink\checkouts\Yoink-library\library_mirror.py", line 2789, in _save_ledger
    self._atomic_local(path, payload)
    ~~~~~~~~~~~~~~~~~~^^^^^^^^^^^^^^^
  File "E:\AI\projects\uoink\checkouts\Yoink-library\library_mirror.py", line 2874, in _atomic_local
    _with_isolated_lease_session(
    ~~~~~~~~~~~~~~~~~~~~~~~~~~~~^
        dest, lambda sess: sess.local_put(str(path), data),
        ^^^^^^^^^^^^^^^^^^^^^^^^^^^^^^^^^^^^^^^^^^^^^^^^^^^
    )
    ^
  File "E:\AI\projects\uoink\checkouts\Yoink-library\library_mirror.py", line 805, in _with_isolated_lease_session
    session = _VaultIoSession.start(dest)
  File "E:\AI\projects\uoink\checkouts\Yoink-library\library_mirror.py", line 1526, in start
    session.launch()
    ~~~~~~~~~~~~~~^^
  File "E:\AI\projects\uoink\checkouts\Yoink-library\library_mirror.py", line 1607, in launch
    raise OSError("vault io worker failed to start") from exc
OSError: vault io worker failed to start
__________ test_mirror_preserves_user_edit_between_hash_and_replace ___________
tests\library_work_astra\test_phase4_aw_acceptance.py:475: in test_mirror_preserves_user_edit_between_hash_and_replace
    export(env)
tests\library_work_astra\test_phase4_aw_acceptance.py:65: in export
    assert result["ok"], result
E   AssertionError: {'ok': False, 'schema_version': 1, 'contract_version': 'phase4-v1-2026-09-08', 'error': {'code': 'destination_unavailable', 'message': 'The mirror destination is unavailable.', 'retryable': True, 'details': {'reason': 'OSError'}}, ...}
E   assert False
----------------------------- Captured log setup ------------------------------
INFO     uoink.index:index.py:244 applying index migration 0001 (0001_initial_schema.sql)
INFO     uoink.index:index.py:244 applying index migration 0002 (0002_entity_graph.sql)
INFO     uoink.index:index.py:244 applying index migration 0003 (0003_taxonomy_corrections.sql)
INFO     uoink.index:index.py:244 applying index migration 0004 (0004_memory_indexes.sql)
INFO     uoink.index:index.py:244 applying index migration 0005 (0005_pending_yoinks.sql)
INFO     uoink.index:index.py:244 applying index migration 0006 (0006_v2_schema.sql)
INFO     uoink.index:index.py:244 applying index migration 0007 (0007_p4_workspaces.sql)
INFO     uoink.index:index.py:244 applying index migration 0008 (0008_a2_claims.sql)
INFO     uoink.index:index.py:244 applying index migration 0009 (0009_p5_scripts.sql)
INFO     uoink.index:index.py:244 applying index migration 0010 (0010_podcast_feeds.sql)
INFO     uoink.index:index.py:244 applying index migration 0011 (0011_podcast_audio.sql)
INFO     uoink.index:index.py:244 applying index migration 0012 (0012_whisper_transcripts.sql)
INFO     uoink.index:index.py:244 applying index migration 0013 (0013_monitored_playlists.sql)
INFO     uoink.index:index.py:244 applying index migration 0014 (0014_writing_studio.sql)
INFO     uoink.index:index.py:244 applying index migration 0015 (0015_universal_site.sql)
INFO     uoink.index:index.py:244 applying index migration 0016 (0016_default_style_anchors.sql)
INFO     uoink.index:index.py:244 applying index migration 0017 (0017_pending_long_video_mode.sql)
INFO     uoink.index:index.py:244 applying index migration 0018 (0018_writing_drafts.sql)
INFO     uoink.index:index.py:244 applying index migration 0019 (0019_auto_uoink.sql)
INFO     uoink.index:index.py:244 applying index migration 0020 (0020_platform_author.sql)
INFO     uoink.index:index.py:244 applying index migration 0021 (0021_suite_engagement.sql)
INFO     uoink.index:index.py:244 applying index migration 0022 (0022_podcast_corpus.sql)
INFO     uoink.index:index.py:244 applying index migration 0023 (0023_podcast_watch.sql)
INFO     uoink.index:index.py:244 applying index migration 0024 (0024_clips.sql)
INFO     uoink.index:index.py:244 applying index migration 0025 (0025_source_type_backfill.sql)
INFO     uoink.index:index.py:244 applying index migration 0026 (0026_provenance_precedence.sql)
INFO     uoink.index:index.py:244 applying index migration 0027 (0027_library_substrate.sql)
INFO     uoink.index:index.py:244 applying index migration 0028 (0028_source_subscriptions.sql)
INFO     uoink.index:index.py:244 applying index migration 0030 (0030_media_depth.sql)
------------------------------ Captured log call ------------------------------
ERROR    uoink.library_mirror:library_mirror.py:2214 mirror ledger update failed for capture
Traceback (most recent call last):
  File "E:\AI\projects\uoink\checkouts\Yoink-library\library_mirror.py", line 1595, in launch
    proc = subprocess.Popen(
        [sys.executable, "-B", worker],
        **kwargs,
    )
  File "C:\Python314\Lib\subprocess.py", line 1039, in __init__
    self._execute_child(args, executable, preexec_fn, close_fds,
    ~~~~~~~~~~~~~~~~~~~^^^^^^^^^^^^^^^^^^^^^^^^^^^^^^^^^^^^^^^^^
                        pass_fds, cwd, env,
                        ^^^^^^^^^^^^^^^^^^^
    ...<5 lines>...
                        gid, gids, uid, umask,
                        ^^^^^^^^^^^^^^^^^^^^^^
                        start_new_session, process_group)
                        ^^^^^^^^^^^^^^^^^^^^^^^^^^^^^^^^^
  File "C:\Python314\Lib\subprocess.py", line 1549, in _execute_child
    sys.audit("subprocess.Popen", executable, args, cwd, env)
    ~~~~~~~~~^^^^^^^^^^^^^^^^^^^^^^^^^^^^^^^^^^^^^^^^^^^^^^^^
  File "E:\AI\projects\uoink\checkouts\Yoink-library\tests\library_work_astra\run_phase3_companions.py", line 84, in audit
    deny(event, args[0])
    ~~~~^^^^^^^^^^^^^^^^
  File "E:\AI\projects\uoink\checkouts\Yoink-library\tests\library_work_astra\run_phase3_companions.py", line 53, in deny
    raise AssertionError('AS6 blocked ' + event + ': ' + str(detail))
AssertionError: AS6 blocked subprocess.Popen: None

The above exception was the direct cause of the following exception:

Traceback (most recent call last):
  File "E:\AI\projects\uoink\checkouts\Yoink-library\library_mirror.py", line 2212, in on_committed_event
    self._record_event(kind, video_id=video_id, shelf_id=shelf_id, brief_hash=brief_hash)
    ~~~~~~~~~~~~~~~~~~^^^^^^^^^^^^^^^^^^^^^^^^^^^^^^^^^^^^^^^^^^^^^^^^^^^^^^^^^^^^^^^^^^^
  File "E:\AI\projects\uoink\checkouts\Yoink-library\library_mirror.py", line 3026, in _record_event
    self._save_ledger(ledger)
    ~~~~~~~~~~~~~~~~~^^^^^^^^
  File "E:\AI\projects\uoink\checkouts\Yoink-library\library_mirror.py", line 2789, in _save_ledger
    self._atomic_local(path, payload)
    ~~~~~~~~~~~~~~~~~~^^^^^^^^^^^^^^^
  File "E:\AI\projects\uoink\checkouts\Yoink-library\library_mirror.py", line 2874, in _atomic_local
    _with_isolated_lease_session(
    ~~~~~~~~~~~~~~~~~~~~~~~~~~~~^
        dest, lambda sess: sess.local_put(str(path), data),
        ^^^^^^^^^^^^^^^^^^^^^^^^^^^^^^^^^^^^^^^^^^^^^^^^^^^
    )
    ^
  File "E:\AI\projects\uoink\checkouts\Yoink-library\library_mirror.py", line 805, in _with_isolated_lease_session
    session = _VaultIoSession.start(dest)
  File "E:\AI\projects\uoink\checkouts\Yoink-library\library_mirror.py", line 1526, in start
    session.launch()
    ~~~~~~~~~~~~~~^^
  File "E:\AI\projects\uoink\checkouts\Yoink-library\library_mirror.py", line 1607, in launch
    raise OSError("vault io worker failed to start") from exc
OSError: vault io worker failed to start
=========================== short test summary info ===========================
FAILED tests/library_work_astra/test_phase4_aw_acceptance.py::test_baseline_owned_export_and_brief_are_real
FAILED tests/library_work_astra/test_phase4_aw_acceptance.py::test_resync_rebuilds_from_current_sources_without_prior_events
FAILED tests/library_work_astra/test_phase4_aw_acceptance.py::test_bulk_wiring_events_schedule_current_derivatives[source_refresh]
FAILED tests/library_work_astra/test_phase4_aw_acceptance.py::test_bulk_wiring_events_schedule_current_derivatives[apply]
FAILED tests/library_work_astra/test_phase4_aw_acceptance.py::test_bulk_wiring_events_schedule_current_derivatives[undo]
FAILED tests/library_work_astra/test_phase4_aw_acceptance.py::test_scope_narrowing_cleans_previously_exported_items
FAILED tests/library_work_astra/test_phase4_aw_acceptance.py::test_real_brief_mirror_is_removed_when_dependency_deleted
FAILED tests/library_work_astra/test_phase4_aw_acceptance.py::test_disabled_mirror_retains_pending_deletes_and_cleans_owned_files
FAILED tests/library_work_astra/test_phase4_aw_acceptance.py::test_missing_manifest_stops_replacement_for_reconciliation
FAILED tests/library_work_astra/test_phase4_aw_acceptance.py::test_unowned_temp_named_like_item_is_preserved
FAILED tests/library_work_astra/test_phase4_aw_acceptance.py::test_purge_removes_intent_owned_actual_temp_name
FAILED tests/library_work_astra/test_phase4_aw_acceptance.py::test_timed_out_vault_worker_cannot_publish_after_return
FAILED tests/library_work_astra/test_phase4_aw_acceptance.py::test_manifest_failure_keeps_recovery_intent_and_no_success
FAILED tests/library_work_astra/test_phase4_aw_acceptance.py::test_missing_volume_marker_is_not_adopted_after_prior_sync
FAILED tests/library_work_astra/test_phase4_aw_acceptance.py::test_shelf_links_resolve_to_exported_item_files
FAILED tests/library_work_astra/test_phase4_aw_acceptance.py::test_generated_index_escapes_raw_identity_markup
FAILED tests/library_work_astra/test_phase4_aw_acceptance.py::test_mirror_preserves_user_edit_between_hash_and_replace
17 failed, 15 passed in 9.70s
AS6_RESULT {"group": "phase4", "selectors": ["tests/library_work_astra/test_phase4_aw_acceptance.py"], "python": "3.14.6 (tags/v3.14.6:c63aec6, Jun 10 2026, 10:26:10) [MSC v.1944 64 bit (AMD64)]", "server_sha256": "a9248d669aec1543f94ea7ac0e571572c27fb4f4fd11bc898c4480aa5bdfdc52", "exit_code": 1, "blocked_attempts": [{"event": "import", "detail": "whisperx"}, {"event": "subprocess.Popen", "detail": "None"}, {"event": "subprocess.Popen", "detail": "None"}, {"event": "subprocess.Popen", "detail": "None"}, {"event": "subprocess.Popen", "detail": "None"}, {"event": "subprocess.Popen", "detail": "None"}, {"event": "subprocess.Popen", "detail": "None"}, {"event": "subprocess.Popen", "detail": "None"}, {"event": "subprocess.Popen", "detail": "None"}, {"event": "subprocess.Popen", "detail": "None"}, {"event": "subprocess.Popen", "detail": "None"}, {"event": "subprocess.Popen", "detail": "None"}, {"event": "subprocess.Popen", "detail": "None"}, {"event": "subprocess.Popen", "detail": "None"}, {"event": "subprocess.Popen", "detail": "None"}, {"event": "subprocess.Popen", "detail": "None"}, {"event": "subprocess.Popen", "detail": "None"}, {"event": "subprocess.Popen", "detail": "None"}, {"event": "subprocess.Popen", "detail": "None"}, {"event": "subprocess.Popen", "detail": "None"}, {"event": "subprocess.Popen", "detail": "None"}, {"event": "subprocess.Popen", "detail": "None"}, {"event": "subprocess.Popen", "detail": "None"}, {"event": "subprocess.Popen", "detail": "None"}, {"event": "subprocess.Popen", "detail": "None"}, {"event": "subprocess.Popen", "detail": "None"}, {"event": "subprocess.Popen", "detail": "None"}, {"event": "subprocess.Popen", "detail": "None"}, {"event": "subprocess.Popen", "detail": "None"}, {"event": "subprocess.Popen", "detail": "None"}, {"event": "subprocess.Popen", "detail": "None"}, {"event": "subprocess.Popen", "detail": "None"}, {"event": "subprocess.Popen", "detail": "None"}, {"event": "subprocess.Popen", "detail": "None"}, {"event": "subprocess.Popen", "detail": "None"}, {"event": "subprocess.Popen", "detail": "None"}, {"event": "subprocess.Popen", "detail": "None"}, {"event": "subprocess.Popen", "detail": "None"}, {"event": "subprocess.Popen", "detail": "None"}]}
